Pin,Pin name,Label,GPIO,MMDC,UART,ELCDIF,EPDC,EIM,uSDHC,ENET,ECSPI,SAI,CSI,FTM,KPP,I2C,SIM,CCM,USB,SRC,GPT,ARM_PLATFORM,FLEXCAN,NAND,QSPI,PWM,WDOG,PCIE,XTALOSC,SNVS,SJC,ADC,SDMA,MIPI_CSI2,MIPI_DSI,MQS,Other,Routing for BOARD_InitPins
A1,VSS0,,,,,,,,,,,,,,,,,,,,,,,,,,,,,,,,,,,,,
B1,SD1_DATA3,X1A54,"GPIO5_IO08(GPIO5,gpio_io,08)",,"UART7_RTS_B(UART7,uart_rts_b)",,,,"SD1_DATA3(uSDHC1,sd_data,3)",,"ECSPI3_SS1(ECSPI3,ecspi_ss,1)","SAI3_TX_DATA(SAI3,sai_tx_data)",,"FLEXTIMER1_PHA(FTM1,flextimer_pha)",,,,"CCM_EXT_CLK4(CCM,ccm_ext_clk,4)",,,,,,,,,,,,,,,,,,,,"SD1_DATA3(uSDHC1,sd_data,3)"
D1,SD2_WP,X1B33,"GPIO5_IO10(GPIO5,gpio_io,10)",,,,,,"SD2_WP(uSDHC2,sd_wp)","ENET1_MDC(ENET1,enet_mdc)/ENET2_MDC(ENET2,enet_mdc)","ECSPI3_SS3(ECSPI3,ecspi_ss,3)",,,,,,,,"USB_OTG1_ID(USB,usb_otg1_id)",,,,,,,,,,,,,,"SDMA_EXT_EVENT1(SDMA,sdma_ext_event,1)",,,,,"SD2_WP(uSDHC2,sd_wp)"
E1,SD2_CD_B,X1B32,"GPIO5_IO09(GPIO5,gpio_io,09)",,,,,,"SD2_CD_B(uSDHC2,sd_cd_b)","ENET1_MDIO(ENET1,enet_mdio)/ENET2_MDIO(ENET2,enet_mdio)","ECSPI3_SS2(ECSPI3,ecspi_ss,2)",,,"FLEXTIMER1_PHB(FTM1,flextimer_phb)",,,,,,,,,,,,,,,,,,,"SDMA_EXT_EVENT0(SDMA,sdma_ext_event,0)",,,,,"SD2_CD_B(uSDHC2,sd_cd_b)"
G1,SD2_CLK,X1B36,"GPIO5_IO12(GPIO5,gpio_io,12)",,,,,,"SD2_CLK(uSDHC2,sd_clk)",,,"SAI2_RX_SYNC(SAI2,sai_rx_sync)",,,,,,,,,"GPT4_CLK(GPT4,gpt_clk)",,,,,,,,,,,,,,,"MQS_RIGHT(MQS,mqs_right)",,"SD2_CLK(uSDHC2,sd_clk)"
J1,SD3_STROBE,,"GPIO6_IO10(GPIO6,gpio_io,10)",,,,,,"SD3_STROBE(uSDHC3,sd_strobe)",,,,,,,,,,,,,,,"NAND_RE_B(NAND,nand_re_b)",,,,,,,,,,,,,,"SD3_STROBE(uSDHC3,sd_strobe)"
L1,VDD_SOC5,,,,,,,,,,,,,,,,,,,,,,,,,,,,,,,,,,,,,
N1,ECSPI2_SCLK,X1B49,"GPIO4_IO20(GPIO4,gpio_io,20)",,"UART7_RX_DATA(UART7,uart_rx_data)","LCD_DATA13(ELCDIF,lcd_data,13)","EPDC_PWR_CTRL0(EPDC,epdc_pwr_ctrl,0)",,"SD1_DATA4(uSDHC1,sd_data,4)",,"ECSPI2_SCLK(ECSPI2,ecspi_sclk)",,"CSI_DATA06(CSI,csi_data,06)",,,,,,,,,,,,,,,,,,,,,,,,,"UART7_RX_DATA(UART7,uart_rx_data)"
T1,UART1_RXD,X1B15,"GPIO4_IO00(GPIO4,gpio_io,00)",,"UART1_RX_DATA(UART1,uart_rx_data)",,,,,"ENET2_1588_EVENT0_IN(ENET2,enet_1588_event0_in)/ENET1_MDIO(ENET1,enet_mdio)","ECSPI1_SS1(ECSPI1,ecspi_ss,1)",,,,,"I2C1_SCL(I2C1,i2c_scl)",,"CCM_PMIC_READY(CCM,ccm_pmic_ready)",,,,,,,,,,,,,,,,,,,,"UART1_RX_DATA(UART1,uart_rx_data)"
V1,UART1_TXD,X1B16,"GPIO4_IO01(GPIO4,gpio_io,01)",,"UART1_TX_DATA(UART1,uart_tx_data)",,,,,"ENET2_1588_EVENT0_OUT(ENET2,enet_1588_event0_out)/ENET1_MDC(ENET1,enet_mdc)","ECSPI1_SS2(ECSPI1,ecspi_ss,2)","SAI3_MCLK(SAI3,sai_mclk)",,,,"I2C1_SDA(I2C1,i2c_sda)",,,,,,,,,,,,,,,,,,,,,,"UART1_TX_DATA(UART1,uart_tx_data)"
Y1,BOOT_MODE0,X1B54,,,,,,,,,,,,,,,,,,"SRC_BOOT_MODE0(SRC,src_boot_mode0)",,,,,,,,,,,,,,,,,,"SRC_BOOT_MODE0(SRC,src_boot_mode0)"
AB1,JTAG_MOD,,,,,,,,,,,,,,,,,,,,,,,,,,,,,,"JTAG_MOD(SJC,jtag_mod)",,,,,,,"JTAG_MOD(SJC,jtag_mod)"
AD1,JTAG_TCK,X1A11,,,,,,,,,,,,,,,,,,,,,,,,,,,,,"JTAG_TCK(SJC,jtag_tck)",,,,,,,"JTAG_TCK(SJC,jtag_tck)"
AE1,JTAG_TDO,X1A9,,,,,,,,,,,,,,,,,,,,,,,,,,,,,"JTAG_TDO(SJC,jtag_tdo)",,,,,,,"JTAG_TDO(SJC,jtag_tdo)"
AG1,XTALO,,,,,,,,,,,,,,,,,,,,,,,,,,,,"XTALO(XTALOSC,xtalo)",,,,,,,,,"XTALO(XTALOSC,xtalo)"
AH1,VSS83,,,,,,,,,,,,,,,,,,,,,,,,,,,,,,,"VSS(ADC1,adc_vrefl)",,,,,,"VSS(ADC1,adc_vrefl)"
A2,SD1_CMD,X1A49,"GPIO5_IO04(GPIO5,gpio_io,04)",,,,,,"SD1_CMD(uSDHC1,sd_cmd)",,"ECSPI4_SS1(ECSPI4,ecspi_ss,1)","SAI3_RX_BCLK(SAI3,sai_rx_bclk)",,"FLEXTIMER2_CH0(FTM2,flextimer_ch,0)",,,,,,,,,,,,,,,,,,,,,,,,"SD1_CMD(uSDHC1,sd_cmd)"
B2,SD1_DATA2,X1A53,"GPIO5_IO07(GPIO5,gpio_io,07)",,"UART7_CTS_B(UART7,uart_cts_b)",,,,"SD1_DATA2(uSDHC1,sd_data,2)",,"ECSPI4_RDY(ECSPI4,ecspi_rdy)","SAI3_TX_SYNC(SAI3,sai_tx_sync)",,"FLEXTIMER2_CH3(FTM2,flextimer_ch,3)",,,,"CCM_EXT_CLK3(CCM,ccm_ext_clk,3)",,,,,,,,,,,,,,,,,,,,"SD1_DATA2(uSDHC1,sd_data,2)"
C2,SD1_RESET_B,X1A45,"GPIO5_IO02(GPIO5,gpio_io,02)",,"UART6_RTS_B(UART6,uart_rts_b)",,,,"SD1_RESET_B(uSDHC1,sd_reset_b)",,"ECSPI4_SCLK(ECSPI4,ecspi_sclk)","SAI3_MCLK(SAI3,sai_mclk)",,"FLEXTIMER1_CH2(FTM1,flextimer_ch,2)",,,,,,,,,,,,,,,,,,,,,,,,"SD1_RESET_B(uSDHC1,sd_reset_b)"
D2,SD1_WP,X1A47,"GPIO5_IO01(GPIO5,gpio_io,01)",,"UART6_TX_DATA(UART6,uart_tx_data)",,,,"SD1_WP(uSDHC1,sd_wp)",,"ECSPI4_MOSI(ECSPI4,ecspi_mosi)",,,"FLEXTIMER1_CH1(FTM1,flextimer_ch,1)",,,,"CCM_CLKO2(CCM,ccm_clko,2)",,,,,,,,,,,,,,,,,,,,"SD1_WP(uSDHC1,sd_wp)"
E2,SD2_DATA1,X1B39,"GPIO5_IO15(GPIO5,gpio_io,15)",,"UART4_TX_DATA(UART4,uart_tx_data)",,,,"SD2_DATA1(uSDHC2,sd_data,1)",,,"SAI2_TX_BCLK(SAI2,sai_tx_bclk)",,,,,"SIM2_PORT1_RST_B(SIM2,sim_port1_rst_b)",,,,"GPT4_COMPARE1(GPT4,gpt_compare,1)",,,,,,,,,,,,,,,,,"SD2_DATA1(uSDHC2,sd_data,1)"
F2,SD2_DATA0,X1B38,"GPIO5_IO14(GPIO5,gpio_io,14)",,"UART4_RX_DATA(UART4,uart_rx_data)",,,,"SD2_DATA0(uSDHC2,sd_data,0)",,,"SAI2_RX_DATA(SAI2,sai_rx_data)",,,,,"SIM2_PORT1_CLK(SIM2,sim_port1_clk)",,,,"GPT4_CAPTURE2(GPT4,gpt_capture,2)",,,,,,,,,,,,,,,,,"SD2_DATA0(uSDHC2,sd_data,0)"
G2,SD2_CMD,X1B37,"GPIO5_IO13(GPIO5,gpio_io,13)",,,,,,"SD2_CMD(uSDHC2,sd_cmd)",,,"SAI2_RX_BCLK(SAI2,sai_rx_bclk)",,,,,"SIM2_PORT1_TRXD(SIM2,sim_port1_trxd)",,,,"GPT4_CAPTURE1(GPT4,gpt_capture,1)",,,,,,,,,,,,,,,"MQS_LEFT(MQS,mqs_left)",,"SD2_CMD(uSDHC2,sd_cmd)"
J2,SD3_RESET_B,,"GPIO6_IO11(GPIO6,gpio_io,11)",,,,,,"SD3_RESET_B(uSDHC3,sd_reset_b)/SD3_RESET(uSDHC3,sd_reset)",,,"SAI3_MCLK(SAI3,sai_mclk)",,,,,,,,,,,,"NAND_WE_B(NAND,nand_we_b)",,,,,,,,,,,,,,"SD3_RESET_B(uSDHC3,sd_reset_b)"
K2,ECSPI1_SCLK,X1B43,"GPIO4_IO16(GPIO4,gpio_io,16)",,"UART6_RX_DATA(UART6,uart_rx_data)",,"EPDC_PWR_COM(EPDC,epdc_pwr_com)",,"SD2_DATA4(uSDHC2,sd_data,4)",,"ECSPI1_SCLK(ECSPI1,ecspi_sclk)",,"CSI_DATA02(CSI,csi_data,02)",,,,,,,,,,,,,,,,,,,,,,,,,"ECSPI1_SCLK(ECSPI1,ecspi_sclk)"
L2,VDD_SOC6,,,,,,,,,,,,,,,,,,,,,,,,,,,,,,,,,,,,,
N2,ECSPI2_MOSI,X1B51,"GPIO4_IO21(GPIO4,gpio_io,21)",,"UART7_TX_DATA(UART7,uart_tx_data)","LCD_DATA14(ELCDIF,lcd_data,14)","EPDC_PWR_CTRL1(EPDC,epdc_pwr_ctrl,1)",,"SD1_DATA5(uSDHC1,sd_data,5)",,"ECSPI2_MOSI(ECSPI2,ecspi_mosi)",,"CSI_DATA07(CSI,csi_data,07)",,,,,,,,,,,,,,,,,,,,,,,,,"UART7_TX_DATA(UART7,uart_tx_data)"
P2,ECSPI2_MISO,X1B50,"GPIO4_IO22(GPIO4,gpio_io,22)",,"UART7_RTS_B(UART7,uart_rts_b)","LCD_DATA15(ELCDIF,lcd_data,15)","EPDC_PWR_CTRL2(EPDC,epdc_pwr_ctrl,2)",,"SD1_DATA6(uSDHC1,sd_data,6)",,"ECSPI2_MISO(ECSPI2,ecspi_miso)",,"CSI_DATA08(CSI,csi_data,08)",,,,,,,,,,,,,,,,,,,,,,,,,"UART7_RTS_B(UART7,uart_rts_b)"
R2,ECSPI2_SS0,X1B52,"GPIO4_IO23(GPIO4,gpio_io,23)",,"UART7_CTS_B(UART7,uart_cts_b)","LCD_RS(ELCDIF,lcd_rs)","EPDC_PWR_WAKE(EPDC,epdc_pwr_wake)",,"SD1_DATA7(uSDHC1,sd_data,7)",,"ECSPI2_SS0(ECSPI2,ecspi_ss,0)",,"CSI_DATA09(CSI,csi_data,09)",,,,,,,,,,,,,,,,,,,,,,,,,"UART7_CTS_B(UART7,uart_cts_b)"
T2,UART2_RXD,X1B17,"GPIO4_IO02(GPIO4,gpio_io,02)",,"UART2_RX_DATA(UART2,uart_rx_data)",,,,,"ENET2_1588_EVENT1_IN(ENET2,enet_1588_event1_in)/ENET2_MDIO(ENET2,enet_mdio)","ECSPI1_SS3(ECSPI1,ecspi_ss,3)","SAI3_RX_BCLK(SAI3,sai_rx_bclk)",,,,"I2C2_SCL(I2C2,i2c_scl)",,,,,,,,,,,,,,,,,,,,,,"UART2_RX_DATA(UART2,uart_rx_data)"
V2,UART3_RXD,X1B19,"GPIO4_IO04(GPIO4,gpio_io,04)",,"UART3_RX_DATA(UART3,uart_rx_data)",,,,"SD1_LCTL(uSDHC1,sd_lctl)","ENET1_1588_EVENT0_IN(ENET1,enet_1588_event0_in)","ECSPI1_MISO(ECSPI1,ecspi_miso)","SAI3_RX_SYNC(SAI3,sai_rx_sync)",,,,,,,"USB_OTG1_OC(USB,usb_otg1_oc)",,,,,,,,,,,,,,,,,,,"UART3_RX_DATA(UART3,uart_rx_data)"
W2,UART3_RTS,X2A48,"GPIO4_IO06(GPIO4,gpio_io,06)",,"UART3_RTS_B(UART3,uart_rts_b)",,,,"SD3_LCTL(uSDHC3,sd_lctl)","ENET1_1588_EVENT1_IN(ENET1,enet_1588_event1_in)","ECSPI1_SCLK(ECSPI1,ecspi_sclk)","SAI3_TX_DATA(SAI3,sai_tx_data)",,,,,,,"USB_OTG2_OC(USB,usb_otg2_oc)",,,,,,,,,,,,,,,,,,,"USB_OTG2_OC(USB,usb_otg2_oc)"
Y2,BOOT_MODE1,X1B53,,,,,,,,,,,,,,,,,,"SRC_BOOT_MODE1(SRC,src_boot_mode1)",,,,,,,,,,,,,,,,,,"SRC_BOOT_MODE1(SRC,src_boot_mode1)"
AB2,JTAG_TRST_B,X1A12,,,,,,,,,,,,,,,,,,,,,,,,,,,,,"JTAG_TRST_B(SJC,jtag_trst_b)",,,,,,,"JTAG_TRST_B(SJC,jtag_trst_b)"
AC2,JTAG_TDI,X1A10,,,,,,,,,,,,,,,,,,,,,,,,,,,,,"JTAG_TDI(SJC,jtag_tdi)",,,,,,,"JTAG_TDI(SJC,jtag_tdi)"
AD2,JTAG_TMS,X1A8,,,,,,,,,,,,,,,,,,,,,,,,,,,,,"JTAG_TMS(SJC,jtag_tms)",,,,,,,"JTAG_TMS(SJC,jtag_tms)"
AE2,CCM_CLK2,,,,,,,,,,,,,,,,,"CCM_CLK2(CCM,ccm_clk2)",,,,,,,,,,,,,,,,,,,,"CCM_CLK2(CCM,ccm_clk2)"
AF2,GPANAIO,,,,,,,,,,,,,,,,,,,,,,,,,,,,,,,,,,,,,
AG2,XTALI,,,,,,,,,,,,,,,,,,,,,,,,,,,,"XTALI(XTALOSC,xtali)",,,,,,,,,"XTALI(XTALOSC,xtali)"
AH2,VDD_XTAL_1P8,,,,,,,,,,,,,,,,,,,,,,,,,,,,,,,,,,,,,
B3,SD1_CLK,X1A48,"GPIO5_IO03(GPIO5,gpio_io,03)",,"UART6_CTS_B(UART6,uart_cts_b)",,,,"SD1_CLK(uSDHC1,sd_clk)",,"ECSPI4_SS0(ECSPI4,ecspi_ss,0)","SAI3_RX_SYNC(SAI3,sai_rx_sync)",,"FLEXTIMER1_CH3(FTM1,flextimer_ch,3)",,,,,,,,,,,,,,,,,,,,,,,,"SD1_CLK(uSDHC1,sd_clk)"
C3,VSS5,,,,,,,,,,,,,,,,,,,,,,,,,,,,,,,,,,,,,
D3,SAI1_MCLK,X1B31,"GPIO6_IO18(GPIO6,gpio_io,18)",,,,,,,,,"SAI1_MCLK(SAI1,sai_mclk)/SAI2_MCLK(SAI2,sai_mclk)",,"FLEXTIMER2_PHB(FTM2,flextimer_phb)",,,,"CCM_PMIC_READY(CCM,ccm_pmic_ready)",,,,,,"NAND_WP_B(NAND,nand_wp_b)",,,,,,,,,,,,,,"NAND_WP_B(NAND,nand_wp_b)"
E3,VSS20,,,,,,,,,,,,,,,,,,,,,,,,,,,,,,,,,,,,,
F3,SAI1_RXD,X1A26,"GPIO6_IO12(GPIO6,gpio_io,12)",,"UART5_RX_DATA(UART5,uart_rx_data)",,,,,,,"SAI1_RX_DATA(SAI1,sai_rx_data)",,,,,"SIM1_PORT1_TRXD(SIM1,sim_port1_trxd)",,,,,,"FLEXCAN1_RX(FLEXCAN1,flexcan_rx)","NAND_CE1_B(NAND,nand_ce1_b)",,,,,,,,,,,,,,"NAND_CE1_B(NAND,nand_ce1_b)"
G3,SD2_DATA3,X1B41,"GPIO5_IO17(GPIO5,gpio_io,17)",,"UART4_RTS_B(UART4,uart_rts_b)",,,,"SD2_DATA3(uSDHC2,sd_data,3)",,,"SAI2_TX_DATA(SAI2,sai_tx_data)",,,,,"SIM2_PORT1_PD(SIM2,sim_port1_pd)",,,,"GPT4_COMPARE3(GPT4,gpt_compare,3)",,,,,,,,,,,,,,,,,"SD2_DATA3(uSDHC2,sd_data,3)"
H3,SD2_DATA2,X1B40,"GPIO5_IO16(GPIO5,gpio_io,16)",,"UART4_CTS_B(UART4,uart_cts_b)",,,,"SD2_DATA2(uSDHC2,sd_data,2)",,,"SAI2_TX_SYNC(SAI2,sai_tx_sync)",,,,,"SIM2_PORT1_SVEN(SIM2,sim_port1_sven)",,,,"GPT4_COMPARE2(GPT4,gpt_compare,2)",,,,,,,,,,,,,,,,,"SD2_DATA2(uSDHC2,sd_data,2)"
J3,SD2_RESET_B,X1B34,"GPIO5_IO11(GPIO5,gpio_io,11)",,,,,,"SD2_RESET_B(uSDHC2,sd_reset_b)/SD2_RESET(uSDHC2,sd_reset)",,"ECSPI3_RDY(ECSPI3,ecspi_rdy)","SAI2_MCLK(SAI2,sai_mclk)",,,,,,,"USB_OTG2_ID(USB,usb_otg2_id)",,,,,,,,,,,,,,,,,,,"SD2_RESET_B(uSDHC2,sd_reset_b)"
K3,VDD_SOC2,,,,,,,,,,,,,,,,,,,,,,,,,,,,,,,,,,,,,
L3,ECSPI1_MOSI,X1B45,"GPIO4_IO17(GPIO4,gpio_io,17)",,"UART6_TX_DATA(UART6,uart_tx_data)",,"EPDC_PWR_STAT(EPDC,epdc_pwr_stat)",,"SD2_DATA5(uSDHC2,sd_data,5)",,"ECSPI1_MOSI(ECSPI1,ecspi_mosi)",,"CSI_DATA03(CSI,csi_data,03)",,,,,,,,,,,,,,,,,,,,,,,,,"ECSPI1_MOSI(ECSPI1,ecspi_mosi)"
M3,ECSPI1_MISO,X1B44,"GPIO4_IO18(GPIO4,gpio_io,18)",,"UART6_RTS_B(UART6,uart_rts_b)",,"EPDC_PWR_IRQ(EPDC,epdc_pwr_irq)",,"SD2_DATA6(uSDHC2,sd_data,6)",,"ECSPI1_MISO(ECSPI1,ecspi_miso)",,"CSI_DATA04(CSI,csi_data,04)",,,,,,,,,,,,,,,,,,,,,,,,,"ECSPI1_MISO(ECSPI1,ecspi_miso)"
N3,ECSPI1_SS0,X1B46,"GPIO4_IO19(GPIO4,gpio_io,19)",,"UART6_CTS_B(UART6,uart_cts_b)",,"EPDC_PWR_CTRL3(EPDC,epdc_pwr_ctrl,3)",,"SD2_DATA7(uSDHC2,sd_data,7)",,"ECSPI1_SS0(ECSPI1,ecspi_ss,0)",,"CSI_DATA05(CSI,csi_data,05)",,,,,,,,,,,,,,,,,,,,,,,,,"ECSPI1_SS0(ECSPI1,ecspi_ss,0)"
P3,VDD_SOC11,,,,,,,,,,,,,,,,,,,,,,,,,,,,,,,,,,,,,
R3,VDD_SOC15,,,,,,,,,,,,,,,,,,,,,,,,,,,,,,,,,,,,,
T3,UART2_TXD,X1B18,"GPIO4_IO03(GPIO4,gpio_io,03)",,"UART2_TX_DATA(UART2,uart_tx_data)",,,,,"ENET2_1588_EVENT1_OUT(ENET2,enet_1588_event1_out)/ENET2_MDC(ENET2,enet_mdc)","ECSPI1_RDY(ECSPI1,ecspi_rdy)","SAI3_RX_DATA(SAI3,sai_rx_data)",,,,"I2C2_SDA(I2C2,i2c_sda)",,,,,,,,,,,,,,,,,,,,,,"UART2_TX_DATA(UART2,uart_tx_data)"
U3,UART3_TXD,X1B20,"GPIO4_IO05(GPIO4,gpio_io,05)",,"UART3_TX_DATA(UART3,uart_tx_data)",,,,"SD2_LCTL(uSDHC2,sd_lctl)","ENET1_1588_EVENT0_OUT(ENET1,enet_1588_event0_out)","ECSPI1_MOSI(ECSPI1,ecspi_mosi)","SAI3_TX_BCLK(SAI3,sai_tx_bclk)",,,,,,,"USB_OTG1_PWR(USB,usb_otg1_pwr)",,,,,,,,,,,,,,,,,,,"UART3_TX_DATA(UART3,uart_tx_data)"
V3,UART3_CTS,X2A49,"GPIO4_IO07(GPIO4,gpio_io,07)",,"UART3_CTS_B(UART3,uart_cts_b)",,,,"SD1_VSELECT(uSDHC1,sd_vselect)","ENET1_1588_EVENT1_OUT(ENET1,enet_1588_event1_out)","ECSPI1_SS0(ECSPI1,ecspi_ss,0)","SAI3_TX_SYNC(SAI3,sai_tx_sync)",,,,,,,"USB_OTG2_PWR(USB,usb_otg2_pwr)",,,,,,,,,,,,,,,,,,,"USB_OTG2_PWR(USB,usb_otg2_pwr)"
W3,VSS51,,,,,,,,,,,,,,,,,,,,,,,,,,,,,,,,,,,,,
Y3,POR_B,X1B9,,,,,,,,,,,,,,,,,,"SRC_POR_B(SRC,src_por_b)",,,,,,,,,,,,,,,,,,"SRC_POR_B(SRC,src_por_b)"
AA3,TEST_MODE,,,,,,,,,,,,,,,,,,,,,,,,,,,,,"TEST_MODE(SNVS,test_mode)",,,,,,,,"TEST_MODE(SNVS,test_mode)"
AB3,GPIO1_IO08,,"GPIO1_IO08(GPIO1,gpio_io,08)",,"UART3_RX_DATA(UART3,uart_rx_data)",,,,"SD1_VSELECT(uSDHC1,sd_vselect)",,,,,,"KEY_COL5(KPP,key_col,5)","I2C3_SCL(I2C3,i2c_scl)",,,,,,,,,,"PWM1_OUT(PWM1,pwm_out)","WDOG1_B(WDOG1,wdog_b)",,,,,,,,,,,"GPIO1_IO08(GPIO1,gpio_io,08)"
AC3,GPIO1_IO15,X1A19,"GPIO1_IO15(GPIO1,gpio_io,15)",,,,,,"SD3_WP(uSDHC3,sd_wp)","ENET2_MDC(ENET2,enet_mdc)",,,,,,,,"CCM_EXT_CLK4(CCM,ccm_ext_clk,4)",,,,,"FLEXCAN2_TX(FLEXCAN2,flexcan_tx)",,,,"WDOG4_B(WDOG4,wdog_b)",,,,,,"SDMA_EXT_EVENT1(SDMA,sdma_ext_event,1)",,,,,"FLEXCAN2_TX(FLEXCAN2,flexcan_tx)"
AD3,VSS64,,,,,,,,,,,,,,,,,,,,,,,,,,,,,,,,,,,,,
AE3,CCM_CLK1_P,,,,,,,,,,,,,,,,,"CCM_CLK1_P(CCM,ccm_clk1_p)",,,,,,,,,,,,,,,,,,,,"CCM_CLK1_P(CCM,ccm_clk1_p)"
AF3,VSS71,,,,,,,,,,,,,,,,,,,,,,,,,,,,,,,,,,,,,
AG3,VDDA_1P8_IN1,,,,,,,,,,,,,,,,,,,,,,,,,,,,,,,,,,,,,
A4,SD1_DATA1,X1A52,"GPIO5_IO06(GPIO5,gpio_io,06)",,"UART7_TX_DATA(UART7,uart_tx_data)",,,,"SD1_DATA1(uSDHC1,sd_data,1)",,"ECSPI4_SS3(ECSPI4,ecspi_ss,3)","SAI3_TX_BCLK(SAI3,sai_tx_bclk)",,"FLEXTIMER2_CH2(FTM2,flextimer_ch,2)",,,,"CCM_EXT_CLK2(CCM,ccm_ext_clk,2)",,,,,,,,,,,,,,,,,,,,"SD1_DATA1(uSDHC1,sd_data,1)"
B4,SD1_DATA0,X1A51,"GPIO5_IO05(GPIO5,gpio_io,05)",,"UART7_RX_DATA(UART7,uart_rx_data)",,,,"SD1_DATA0(uSDHC1,sd_data,0)",,"ECSPI4_SS2(ECSPI4,ecspi_ss,2)","SAI3_RX_DATA(SAI3,sai_rx_data)",,"FLEXTIMER2_CH1(FTM2,flextimer_ch,1)",,,,"CCM_EXT_CLK1(CCM,ccm_ext_clk,1)",,,,,,,,,,,,,,,,,,,,"SD1_DATA0(uSDHC1,sd_data,0)"
C4,SAI1_RXFS,X1A30,"GPIO6_IO16(GPIO6,gpio_io,16)",,,,,,,,,"SAI1_RX_SYNC(SAI1,sai_rx_sync)/SAI2_RX_SYNC(SAI2,sai_rx_sync)",,,,"I2C4_SCL(I2C4,i2c_scl)","SIM1_PORT1_PD(SIM1,sim_port1_pd)",,,"SRC_CA7_RESET0_B(SRC,src_ca7_reset0_b)",,,,"NAND_CE2_B(NAND,nand_ce2_b)",,,,,,,,,,,,"MQS_RIGHT(MQS,mqs_right)",,"NAND_CE2_B(NAND,nand_ce2_b)"
D4,SAI2_TXC,X2A54,"GPIO6_IO20(GPIO6,gpio_io,20)",,"UART4_TX_DATA(UART4,uart_tx_data)/UART1_RTS_B(UART1,uart_rts_b)",,,,,,"ECSPI3_MOSI(ECSPI3,ecspi_mosi)","SAI2_TX_BCLK(SAI2,sai_tx_bclk)",,"FLEXTIMER2_CH5(FTM2,flextimer_ch,5)",,,,,,,,,,,,,,,,,,,,,,,,"ECSPI3_MOSI(ECSPI3,ecspi_mosi)"
F4,SAI1_TXC,X1A27,"GPIO6_IO13(GPIO6,gpio_io,13)",,"UART5_TX_DATA(UART5,uart_tx_data)",,,,,,,"SAI1_TX_BCLK(SAI1,sai_tx_bclk)",,,,,"SIM1_PORT1_CLK(SIM1,sim_port1_clk)",,,,,,"FLEXCAN1_TX(FLEXCAN1,flexcan_tx)","NAND_CE0_B(NAND,nand_ce0_b)",,,,,,,,,,,,,,"NAND_CE0_B(NAND,nand_ce0_b)"
G4,SAI1_RXC,X1A31,"GPIO6_IO17(GPIO6,gpio_io,17)",,,,,,,,,"SAI1_RX_BCLK(SAI1,sai_rx_bclk)/SAI2_RX_BCLK(SAI2,sai_rx_bclk)",,"FLEXTIMER2_PHA(FTM2,flextimer_pha)",,"I2C4_SDA(I2C4,i2c_sda)",,,,"SRC_CA7_RESET1_B(SRC,src_ca7_reset1_b)",,,,"NAND_CE3_B(NAND,nand_ce3_b)",,,,,,,,,,,,"MQS_LEFT(MQS,mqs_left)",,"NAND_CE3_B(NAND,nand_ce3_b)"
H4,VSS31,,,,,,,,,,,,,,,,,,,,,,,,,,,,,,,,,,,,,
J4,SD3_DATA7,,"GPIO6_IO09(GPIO6,gpio_io,09)",,"UART3_CTS_B(UART3,uart_cts_b)",,,,"SD3_DATA7(uSDHC3,sd_data,7)/SD3_CD_B(uSDHC3,sd_cd_b)",,,,,,,,,,,,,,"FLEXCAN1_RX(FLEXCAN1,flexcan_rx)","NAND_DATA07(NAND,nand_data,07)",,,,,,,,,,,,,,"SD3_DATA7(uSDHC3,sd_data,7)"
L4,SD3_CMD,,"GPIO6_IO01(GPIO6,gpio_io,01)",,,,,,"SD3_CMD(uSDHC3,sd_cmd)",,"ECSPI4_MOSI(ECSPI4,ecspi_mosi)","SAI3_RX_BCLK(SAI3,sai_rx_bclk)",,,,,,,,,"GPT3_CAPTURE1(GPT3,gpt_capture,1)",,,"NAND_ALE(NAND,nand_ale)",,,,,,,,,,,,,,"SD3_CMD(uSDHC3,sd_cmd)"
M4,VSS37,,,,,,,,,,,,,,,,,,,,,,,,,,,,,,,,,,,,,
N4,I2C1_SCL,X1A1,"GPIO4_IO08(GPIO4,gpio_io,08)",,"UART4_CTS_B(UART4,uart_cts_b)",,,,"SD2_VSELECT(uSDHC2,sd_vselect)",,"ECSPI3_MISO(ECSPI3,ecspi_miso)",,,,,"I2C1_SCL(I2C1,i2c_scl)",,,,,,,"FLEXCAN1_RX(FLEXCAN1,flexcan_rx)",,,,,,"REF_CLK_24M(XTALOSC,ref_clk_24m)",,,,,,,,,"I2C1_SCL(I2C1,i2c_scl)"
T4,I2C4_SDA,X1A41,"GPIO4_IO15(GPIO4,gpio_io,15)",,"UART5_TX_DATA(UART5,uart_tx_data)",,"EPDC_VCOM1(EPDC,epdc_vcom,1)",,,,,,"CSI_MCLK(CSI,csi_mclk)",,,"I2C4_SDA(I2C4,i2c_sda)",,,"USB_OTG2_ID(USB,usb_otg2_id)",,,,,,,,"WDOG4_RESET_B_DEB(WDOG4,wdog_reset_b_deb)",,,,,,,,,,,"I2C4_SDA(I2C4,i2c_sda)"
U4,VSS45,,,,,,,,,,,,,,,,,,,,,,,,,,,,,,,,,,,,,
V4,GPIO1_IO00,X1B47,"GPIO1_IO00(GPIO1,gpio_io,00)",,,,,,,,,,,,,,,,,,,,,,,"PWM4_OUT(PWM4,pwm_out)","WDOG1_ANY(WDOG1,wdog_any)/WDOG1_B(WDOG1,wdog_b)/WDOG1_RESET_B_DEB(WDOG1,wdog_reset_b_deb)",,,,,,,,,,,"PWM4_OUT(PWM4,pwm_out)"
Y4,GPIO1_IO05,X2A51,"GPIO1_IO05(GPIO1,gpio_io,05)",,"UART5_RTS_B(UART5,uart_rts_b)",,,,,,,,,"FLEXTIMER1_CH5(FTM1,flextimer_ch,5)",,"I2C1_SDA(I2C1,i2c_sda)",,,"USB_OTG1_PWR(USB,usb_otg1_pwr)",,,,,,,,,,,,,,,,,,,"USB_OTG1_PWR(USB,usb_otg1_pwr)"
AA4,VSS53,,,,,,,,,,,,,,,,,,,,,,,,,,,,,,,,,,,,,
AB4,GPIO1_IO09,X1B11,"GPIO1_IO09(GPIO1,gpio_io,09)",,"UART3_TX_DATA(UART3,uart_tx_data)",,,,"SD1_LCTL(uSDHC1,sd_lctl)",,,,,,"KEY_ROW5(KPP,key_row,5)","I2C3_SDA(I2C3,i2c_sda)",,"CCM_ENET_REF_CLK3(CCM,ccm_enet_ref_clk,3)/CCM_PMIC_READY(CCM,ccm_pmic_ready)",,,,,,,,"PWM2_OUT(PWM2,pwm_out)",,,,,,,,,,,,"GPIO1_IO09(GPIO1,gpio_io,09)"
AC4,GPIO1_IO14,X1A18,"GPIO1_IO14(GPIO1,gpio_io,14)",,,,,,"SD3_CD_B(uSDHC3,sd_cd_b)","ENET2_MDIO(ENET2,enet_mdio)",,,,,,,,"CCM_EXT_CLK3(CCM,ccm_ext_clk,3)",,,,,"FLEXCAN2_RX(FLEXCAN2,flexcan_rx)",,,,"WDOG3_B(WDOG3,wdog_b)",,,,,,"SDMA_EXT_EVENT0(SDMA,sdma_ext_event,0)",,,,,"FLEXCAN2_RX(FLEXCAN2,flexcan_rx)"
AE4,CCM_CLK1_N,,,,,,,,,,,,,,,,,"CCM_CLK1_N(CCM,ccm_clk1_n)",,,,,,,,,,,,,,,,,,,,"CCM_CLK1_N(CCM,ccm_clk1_n)"
AF4,VDDA_1P8_IN0,,,,,,,,,,,,,,,,,,,,,,,,,,,,,,,,,,,,,
AG4,VDDA_1P8_IN2,,,,,,,,,,,,,,,,,,,,,,,,,,,,,,,,,,,,,
AH4,VDDA_ADC_1P8,,,,,,,,,,,,,,,,,,,,,,,,,,,,,,,"VDDA_ADC1_1P8(ADC1,adc_vrefh)/VDDA_ADC_1P8(ADC1,adc_vdda_1p8)",,,,,,"VDDA_ADC_1P8(ADC1,adc_vdda_1p8)"
A5,SD1_CD_B,X1A46,"GPIO5_IO00(GPIO5,gpio_io,00)",,"UART6_RX_DATA(UART6,uart_rx_data)",,,,"SD1_CD_B(uSDHC1,sd_cd_b)",,"ECSPI4_MISO(ECSPI4,ecspi_miso)",,,"FLEXTIMER1_CH0(FTM1,flextimer_ch,0)",,,,"CCM_CLKO1(CCM,ccm_clko,1)",,,,,,,,,,,,,,,,,,,,"SD1_CD_B(uSDHC1,sd_cd_b)"
B5,VSS2,,,,,,,,,,,,,,,,,,,,,,,,,,,,,,,,,,,,,
C5,VSS6,,,,,,,,,,,,,,,,,,,,,,,,,,,,,,,,,,,,,
E5,VSS21,,,,,,,,,,,,,,,,,,,,,,,,,,,,,,,,,,,,,
F5,SAI1_TXFS,X1A28,"GPIO6_IO14(GPIO6,gpio_io,14)",,"UART5_CTS_B(UART5,uart_cts_b)",,,,,,,"SAI1_TX_SYNC(SAI1,sai_tx_sync)",,,,,"SIM1_PORT1_RST_B(SIM1,sim_port1_rst_b)",,,,,,"FLEXCAN2_RX(FLEXCAN2,flexcan_rx)","NAND_DQS(NAND,nand_dqs)",,,,,,,,,,,,,,"NAND_DQS(NAND,nand_dqs)"
G5,SAI1_TXD,X1A29,"GPIO6_IO15(GPIO6,gpio_io,15)",,"UART5_RTS_B(UART5,uart_rts_b)",,,,,,,"SAI1_TX_DATA(SAI1,sai_tx_data)",,,,,"SIM1_PORT1_SVEN(SIM1,sim_port1_sven)",,,"SRC_SYSTEM_RESET(SRC,src_system_reset)",,,"FLEXCAN2_TX(FLEXCAN2,flexcan_tx)","NAND_READY(NAND,nand_ready)",,,,,,,,,,,,,,"NAND_READY(NAND,nand_ready)"
J5,SD3_DATA6,,"GPIO6_IO08(GPIO6,gpio_io,08)",,"UART3_RTS_B(UART3,uart_rts_b)",,,,"SD3_DATA6(uSDHC3,sd_data,6)/SD3_WP(uSDHC3,sd_wp)",,,,,,,,,,,,,,"FLEXCAN2_TX(FLEXCAN2,flexcan_tx)","NAND_DATA06(NAND,nand_data,06)",,,,,,,,,,,,,,"SD3_DATA6(uSDHC3,sd_data,6)"
L5,SD3_DATA4,,"GPIO6_IO06(GPIO6,gpio_io,06)",,"UART3_RX_DATA(UART3,uart_rx_data)",,,,"SD3_DATA4(uSDHC3,sd_data,4)",,,,,,,,,,,,,,"FLEXCAN2_RX(FLEXCAN2,flexcan_rx)","NAND_DATA04(NAND,nand_data,04)",,,,,,,,,,,,,,"SD3_DATA4(uSDHC3,sd_data,4)"
N5,I2C1_SDA,X1A2,"GPIO4_IO09(GPIO4,gpio_io,09)",,"UART4_RTS_B(UART4,uart_rts_b)",,,,"SD3_VSELECT(uSDHC3,sd_vselect)",,"ECSPI3_MOSI(ECSPI3,ecspi_mosi)",,,,,"I2C1_SDA(I2C1,i2c_sda)",,"CCM_ENET_REF_CLK1(CCM,ccm_enet_ref_clk,1)",,,,,"FLEXCAN1_TX(FLEXCAN1,flexcan_tx)",,,,,,,,,,,,,,,"I2C1_SDA(I2C1,i2c_sda)"
T5,I2C4_SCL,X1A40,"GPIO4_IO14(GPIO4,gpio_io,14)",,"UART5_RX_DATA(UART5,uart_rx_data)",,"EPDC_VCOM0(EPDC,epdc_vcom,0)",,,,,,"CSI_PIXCLK(CSI,csi_pixclk)",,,"I2C4_SCL(I2C4,i2c_scl)",,,"USB_OTG1_ID(USB,usb_otg1_id)",,,,,,,,"WDOG4_B(WDOG4,wdog_b)",,,,,,,,,,,"I2C4_SCL(I2C4,i2c_scl)"
V5,GPIO1_IO01,X2A60,"GPIO1_IO01(GPIO1,gpio_io,01)",,,,,,,,,"SAI1_MCLK(SAI1,sai_mclk)",,,,,,"CCM_ENET_REF_CLK3(CCM,ccm_enet_ref_clk,3)",,,,,,,,"PWM1_OUT(PWM1,pwm_out)",,,"REF_CLK_24M(XTALOSC,ref_clk_24m)",,,,,,,,,"SAI1_MCLK(SAI1,sai_mclk)"
Y5,GPIO1_IO04,X2A50,"GPIO1_IO04(GPIO1,gpio_io,04)",,"UART5_CTS_B(UART5,uart_cts_b)",,,,,,,,,"FLEXTIMER1_CH4(FTM1,flextimer_ch,4)",,"I2C1_SCL(I2C1,i2c_scl)",,,"USB_OTG1_OC(USB,usb_otg1_oc)",,,,,,,,,,,,,,,,,,,"USB_OTG1_OC(USB,usb_otg1_oc)"
AB5,GPIO1_IO10,X2A54,"GPIO1_IO10(GPIO1,gpio_io,10)",,"UART3_RTS_B(UART3,uart_rts_b)",,,,"SD2_LCTL(uSDHC2,sd_lctl)","ENET1_MDIO(ENET1,enet_mdio)",,,,"FLEXTIMER1_PHA(FTM1,flextimer_pha)","KEY_COL6(KPP,key_col,6)","I2C4_SCL(I2C4,i2c_scl)",,,,,,,,,,"PWM3_OUT(PWM3,pwm_out)",,,,,,,,,,,,"ENET1_MDIO(ENET1,enet_mdio)"
AC5,GPIO1_IO13,X1A17,"GPIO1_IO13(GPIO1,gpio_io,13)",,,,,,"SD3_VSELECT(uSDHC3,sd_vselect)",,,,,,,,,"CCM_ENET_REF_CLK2(CCM,ccm_enet_ref_clk,2)/CCM_PMIC_READY(CCM,ccm_pmic_ready)/CCM_EXT_CLK2(CCM,ccm_ext_clk,2)","USB_OTG2_ID(USB,usb_otg2_id)",,,,"FLEXCAN1_TX(FLEXCAN1,flexcan_tx)",,,,,,,"SNVS_VIO_5_CTL(SNVS,snvs_vio_5_ctl)",,,,,,,,"FLEXCAN1_TX(FLEXCAN1,flexcan_tx)"
AD5,VSS65,,,,,,,,,,,,,,,,,,,,,,,,,,,,,,,,,,,,,
AF5,VSS72,,,,,,,,,,,,,,,,,,,,,,,,,,,,,,,,,,,,,
AG5,VDD_LPSR_IN,,,,,,,,,,,,,,,,,,,,,,,,,,,,,,,,,,,,,
AH5,VDD_TEMPSENSOR_1P8,,,,,,,,,,,,,,,,,,,,,,,,,,,,,,,,,,,,,
B6,USB_OTG1_CHD_B,,,,,,,,,,,,,,,,,,"USB_OTG1_CHD_B(USB,usb_otg1_chd_b)",,,,,,,,,,,,,,,,,,,"USB_OTG1_CHD_B(USB,usb_otg1_chd_b)"
C6,ENET1_RX_CLK,X2A60,"GPIO7_IO13(GPIO7,gpio_io,13)",,,,"EPDC_PWR_WAKE(EPDC,epdc_pwr_wake)",,,"ENET1_RX_CLK(ENET1,enet_rx_clk)",,"SAI1_TX_BCLK(SAI1,sai_tx_bclk)",,,,,,"CCM_EXT_CLK2(CCM,ccm_ext_clk,2)",,,"GPT2_CLK(GPT2,gpt_clk)",,,,,,"WDOG2_B(WDOG2,wdog_b)",,,,,,,,,,,"SAI1_TX_BCLK(SAI1,sai_tx_bclk)"
D6,SAI2_TXD,X2A56,"GPIO6_IO22(GPIO6,gpio_io,22)",,"UART4_RTS_B(UART4,uart_rts_b)/UART2_RTS_B(UART2,uart_rts_b)",,,,,,"ECSPI3_SS0(ECSPI3,ecspi_ss,0)","SAI2_TX_DATA(SAI2,sai_tx_data)",,"FLEXTIMER2_CH7(FTM2,flextimer_ch,7)","KEY_ROW7(KPP,key_row,7)",,,,,,,,,,,,,,,,,,,,,,,"ECSPI3_SS0(ECSPI3,ecspi_ss,0)"
E6,SAI2_RXD,X2A55,"GPIO6_IO21(GPIO6,gpio_io,21)",,"UART4_CTS_B(UART4,uart_cts_b)/UART2_CTS_B(UART2,uart_cts_b)",,,,,,"ECSPI3_SCLK(ECSPI3,ecspi_sclk)","SAI2_RX_DATA(SAI2,sai_rx_data)",,"FLEXTIMER2_CH6(FTM2,flextimer_ch,6)","KEY_COL7(KPP,key_col,7)",,,,,,,,,,,,,,,,,,,,,,,"ECSPI3_SCLK(ECSPI3,ecspi_sclk)"
F6,SAI2_TXFS,X2A53,"GPIO6_IO19(GPIO6,gpio_io,19)",,"UART4_RX_DATA(UART4,uart_rx_data)/UART1_CTS_B(UART1,uart_cts_b)",,,,,,"ECSPI3_MISO(ECSPI3,ecspi_miso)","SAI2_TX_SYNC(SAI2,sai_tx_sync)",,"FLEXTIMER2_CH4(FTM2,flextimer_ch,4)",,,,,,,,,,,,,,,,,,,,,,,,"ECSPI3_MISO(ECSPI3,ecspi_miso)"
G6,SD3_DATA0,,"GPIO6_IO02(GPIO6,gpio_io,02)",,,,,,"SD3_DATA0(uSDHC3,sd_data,0)",,"ECSPI4_SS0(ECSPI4,ecspi_ss,0)","SAI3_RX_DATA(SAI3,sai_rx_data)",,,,,,,,,"GPT3_CAPTURE2(GPT3,gpt_capture,2)",,,"NAND_DATA00(NAND,nand_data,00)",,,,,,,,,,,,,,"SD3_DATA0(uSDHC3,sd_data,0)"
H6,VSS32,,,,,,,,,,,,,,,,,,,,,,,,,,,,,,,,,,,,,
J6,SD3_CLK,,"GPIO6_IO00(GPIO6,gpio_io,00)",,,,,,"SD3_CLK(uSDHC3,sd_clk)",,"ECSPI4_MISO(ECSPI4,ecspi_miso)","SAI3_RX_SYNC(SAI3,sai_rx_sync)",,,,,,,,,"GPT3_CLK(GPT3,gpt_clk)",,,"NAND_CLE(NAND,nand_cle)",,,,,,,,,,,,,,"SD3_CLK(uSDHC3,sd_clk)"
K6,VDD_SOC3,,,,,,,,,,,,,,,,,,,,,,,,,,,,,,,,,,,,,
L6,SD3_DATA3,,"GPIO6_IO05(GPIO6,gpio_io,05)",,,,,,"SD3_DATA3(uSDHC3,sd_data,3)",,,"SAI3_TX_DATA(SAI3,sai_tx_data)",,,,"I2C3_SCL(I2C3,i2c_scl)",,,,,"GPT3_COMPARE3(GPT3,gpt_compare,3)",,,"NAND_DATA03(NAND,nand_data,03)",,,,,,,,,,,,,,"SD3_DATA3(uSDHC3,sd_data,3)"
M6,VSS38,,,,,,,,,,,,,,,,,,,,,,,,,,,,,,,,,,,,,
N6,I2C2_SCL,X1A3,"GPIO4_IO10(GPIO4,gpio_io,10)",,"UART4_RX_DATA(UART4,uart_rx_data)",,,,"SD3_CD_B(uSDHC3,sd_cd_b)",,"ECSPI3_SCLK(ECSPI3,ecspi_sclk)",,,,,"I2C2_SCL(I2C2,i2c_scl)",,"CCM_ENET_REF_CLK2(CCM,ccm_enet_ref_clk,2)",,,,,,,,,"WDOG3_B(WDOG3,wdog_b)",,,,,,,,,,,"I2C2_SCL(I2C2,i2c_scl)"
P6,VDD_SOC12,,,,,,,,,,,,,,,,,,,,,,,,,,,,,,,,,,,,,
R6,VDD_SOC16,,,,,,,,,,,,,,,,,,,,,,,,,,,,,,,,,,,,,
T6,I2C3_SCL,X1A5,"GPIO4_IO12(GPIO4,gpio_io,12)",,"UART5_CTS_B(UART5,uart_cts_b)",,"EPDC_BDR0(EPDC,epdc_bdr,0)",,,,,,"CSI_VSYNC(CSI,csi_vsync)",,,"I2C3_SCL(I2C3,i2c_scl)",,,,,,,"FLEXCAN2_RX(FLEXCAN2,flexcan_rx)",,,,,,,,,,"SDMA_EXT_EVENT0(SDMA,sdma_ext_event,0)",,,,,"I2C3_SCL(I2C3,i2c_scl)"
U6,VSS46,,,,,,,,,,,,,,,,,,,,,,,,,,,,,,,,,,,,,
V6,GPIO1_IO06,X1A23,"GPIO1_IO06(GPIO1,gpio_io,06)",,"UART5_RX_DATA(UART5,uart_rx_data)",,,,,,,,,"FLEXTIMER1_CH6(FTM1,flextimer_ch,6)","KEY_ROW4(KPP,key_row,4)","I2C2_SCL(I2C2,i2c_scl)",,,"USB_OTG2_OC(USB,usb_otg2_oc)",,,,,,,,,,,,,,,,,,,"UART5_RX_DATA(UART5,uart_rx_data)"
W6,VSS52,,,,,,,,,,,,,,,,,,,,,,,,,,,,,,,,,,,,,
Y6,GPIO1_IO03,X1A43,"GPIO1_IO03(GPIO1,gpio_io,03)",,,,,,,,,"SAI3_MCLK(SAI3,sai_mclk)",,,,,,"CCM_ENET_REF_CLK2(CCM,ccm_enet_ref_clk,2)/CCM_CLKO2(CCM,ccm_clko,2)","USB_OTG2_ID(USB,usb_otg2_id)",,,,,,,"PWM3_OUT(PWM3,pwm_out)",,,,,,,,,,,,"PWM3_OUT(PWM3,pwm_out)"
AA6,VSS54,,,,,,,,,,,,,,,,,,,,,,,,,,,,,,,,,,,,,
AB6,GPIO1_IO11,X2A55,"GPIO1_IO11(GPIO1,gpio_io,11)",,"UART3_CTS_B(UART3,uart_cts_b)",,,,"SD3_LCTL(uSDHC3,sd_lctl)","ENET1_MDC(ENET1,enet_mdc)",,,,"FLEXTIMER1_PHB(FTM1,flextimer_phb)","KEY_ROW6(KPP,key_row,6)","I2C4_SDA(I2C4,i2c_sda)",,,,,,,,,,"PWM4_OUT(PWM4,pwm_out)",,,,,,,,,,,,"ENET1_MDC(ENET1,enet_mdc)"
AC6,GPIO1_IO12,X1A16,"GPIO1_IO12(GPIO1,gpio_io,12)",,,,,,"SD2_VSELECT(uSDHC2,sd_vselect)",,,,,,,,,"CCM_ENET_REF_CLK1(CCM,ccm_enet_ref_clk,1)/CCM_EXT_CLK1(CCM,ccm_ext_clk,1)","USB_OTG1_ID(USB,usb_otg1_id)",,,"CM4_NMI(ARM_PLATFORM,arm_platform_cm4_nmi)","FLEXCAN1_RX(FLEXCAN1,flexcan_rx)",,,,,,,"SNVS_VIO_5(SNVS,snvs_vio_5)",,,,,,,,"FLEXCAN1_RX(FLEXCAN1,flexcan_rx)"
AD6,VSS85,,,,,,,,,,,,,,,,,,,,,,,,,,,,,,,,,,,,,
AE6,VSS86,,,,,,,,,,,,,,,,,,,,,,,,,,,,,,,,,,,,,
AF6,TEMPSENSOR_RESERVE,,,,,,,,,,,,,,,,,,,,,,,,,,,,,,,,,,,,,
AG6,VDD_LPSR_1P0_CAP,,,,,,,,,,,,,,,,,,,,,,,,,,,,,,,,,,,,,
A7,USB_OTG1_DP,X2A40,,,,,,,,,,,,,,,,,"USB_OTG1_DP(USB,usb_otg1_dp)",,,,,,,,,,,,,,,,,,,"USB_OTG1_DP(USB,usb_otg1_dp)"
B7,USB_OTG1_DN,X2A41,,,,,,,,,,,,,,,,,"USB_OTG1_DN(USB,usb_otg1_dn)",,,,,,,,,,,,,,,,,,,"USB_OTG1_DN(USB,usb_otg1_dn)"
C7,VSS7,,,,,,,,,,,,,,,,,,,,,,,,,,,,,,,,,,,,,
D7,ENET1_RDATA2,X2A3,"GPIO7_IO02(GPIO7,gpio_io,02)",,"UART1_RX_DATA(UART1,uart_rx_data)",,"EPDC_SDCE4(EPDC,epdc_sdce,4)",,,"RGMII1_RD2(ENET1,rgmii_rd,2)","ECSPI2_SCLK(ECSPI2,ecspi_sclk)",,,,"KEY_ROW2(KPP,key_row,2)",,,,,,,,"FLEXCAN1_RX(FLEXCAN1,flexcan_rx)",,,,,,,,,,,,,,,"RGMII1_RD2(ENET1,rgmii_rd,2)"
E7,ENET1_RDATA1,X2A2,"GPIO7_IO01(GPIO7,gpio_io,01)",,"UART1_RTS_B(UART1,uart_rts_b)",,"EPDC_VCOM1(EPDC,epdc_vcom,1)",,,"RGMII1_RD1(ENET1,rgmii_rd,1)",,,,,"KEY_COL3(KPP,key_col,3)","I2C3_SDA(I2C3,i2c_sda)",,,,,,,,,,"PWM2_OUT(PWM2,pwm_out)",,,,,,,,,,,,"RGMII1_RD1(ENET1,rgmii_rd,1)"
F7,ENET1_RDATA0,X2B1,"GPIO7_IO00(GPIO7,gpio_io,00)",,"UART1_CTS_B(UART1,uart_cts_b)",,"EPDC_VCOM0(EPDC,epdc_vcom,0)",,,"RGMII1_RD0(ENET1,rgmii_rd,0)",,,,,"KEY_ROW3(KPP,key_row,3)","I2C3_SCL(I2C3,i2c_scl)",,,,,,,,,,"PWM1_OUT(PWM1,pwm_out)",,,,,,,,,,,,"RGMII1_RD0(ENET1,rgmii_rd,0)"
G7,SD3_DATA1,,"GPIO6_IO03(GPIO6,gpio_io,03)",,,,,,"SD3_DATA1(uSDHC3,sd_data,1)",,"ECSPI4_SCLK(ECSPI4,ecspi_sclk)","SAI3_TX_BCLK(SAI3,sai_tx_bclk)",,,,,,,,,"GPT3_COMPARE1(GPT3,gpt_compare,1)",,,"NAND_DATA01(NAND,nand_data,01)",,,,,,,,,,,,,,"SD3_DATA1(uSDHC3,sd_data,1)"
J7,SD3_DATA5,,"GPIO6_IO07(GPIO6,gpio_io,07)",,"UART3_TX_DATA(UART3,uart_tx_data)",,,,"SD3_DATA5(uSDHC3,sd_data,5)",,,,,,,,,,,,,,"FLEXCAN1_TX(FLEXCAN1,flexcan_tx)","NAND_DATA05(NAND,nand_data,05)",,,,,,,,,,,,,,"SD3_DATA5(uSDHC3,sd_data,5)"
L7,SD3_DATA2,,"GPIO6_IO04(GPIO6,gpio_io,04)",,,,,,"SD3_DATA2(uSDHC3,sd_data,2)",,,"SAI3_TX_SYNC(SAI3,sai_tx_sync)",,,,"I2C3_SDA(I2C3,i2c_sda)",,,,,"GPT3_COMPARE2(GPT3,gpt_compare,2)",,,"NAND_DATA02(NAND,nand_data,02)",,,,,,,,,,,,,,"SD3_DATA2(uSDHC3,sd_data,2)"
N7,I2C2_SDA,X1A4,"GPIO4_IO11(GPIO4,gpio_io,11)",,"UART4_TX_DATA(UART4,uart_tx_data)",,,,"SD3_WP(uSDHC3,sd_wp)",,"ECSPI3_SS0(ECSPI3,ecspi_ss,0)",,,,,"I2C2_SDA(I2C2,i2c_sda)",,"CCM_ENET_REF_CLK3(CCM,ccm_enet_ref_clk,3)",,,,,,,,,"WDOG3_RESET_B_DEB(WDOG3,wdog_reset_b_deb)",,,,,,,,,,,"I2C2_SDA(I2C2,i2c_sda)"
T7,I2C3_SDA,X1A6,"GPIO4_IO13(GPIO4,gpio_io,13)",,"UART5_RTS_B(UART5,uart_rts_b)",,"EPDC_BDR1(EPDC,epdc_bdr,1)",,,,,,"CSI_HSYNC(CSI,csi_hsync)",,,"I2C3_SDA(I2C3,i2c_sda)",,,,,,,"FLEXCAN2_TX(FLEXCAN2,flexcan_tx)",,,,,,,,,,"SDMA_EXT_EVENT1(SDMA,sdma_ext_event,1)",,,,,"I2C3_SDA(I2C3,i2c_sda)"
V7,GPIO1_IO07,X1A24,"GPIO1_IO07(GPIO1,gpio_io,07)",,"UART5_TX_DATA(UART5,uart_tx_data)",,,,,,,,,"FLEXTIMER1_CH7(FTM1,flextimer_ch,7)","KEY_COL4(KPP,key_col,4)","I2C2_SDA(I2C2,i2c_sda)",,,"USB_OTG2_PWR(USB,usb_otg2_pwr)",,,,,,,,,,,,,,,,,,,"UART5_TX_DATA(UART5,uart_tx_data)"
Y7,GPIO1_IO02,X2A37,"GPIO1_IO02(GPIO1,gpio_io,02)",,,,,,,,,"SAI2_MCLK(SAI2,sai_mclk)",,,,,,"CCM_ENET_REF_CLK1(CCM,ccm_enet_ref_clk,1)/CCM_CLKO1(CCM,ccm_clko,1)","USB_OTG1_ID(USB,usb_otg1_id)",,,,,,,"PWM2_OUT(PWM2,pwm_out)",,,"REF_CLK_32K(XTALOSC,ref_clk_32k)",,,,,,,,,"PWM2_OUT(PWM2,pwm_out)"
AB7,ADC1_IN0,X1A33,,,,,,,,,,,,,,,,,,,,,,,,,,,,,,"ADC1_IN0(ADC1,adc_in0)",,,,,,"ADC1_IN0(ADC1,adc_in0)"
AC7,ADC1_IN1,X1A34,,,,,,,,,,,,,,,,,,,,,,,,,,,,,,"ADC1_IN1(ADC1,adc_in1)",,,,,,"ADC1_IN1(ADC1,adc_in1)"
AD7,ADC1_IN2,X1A35,,,,,,,,,,,,,,,,,,,,,,,,,,,,,,"ADC1_IN2(ADC1,adc_in2)",,,,,,"ADC1_IN2(ADC1,adc_in2)"
AE7,VSS87,,,,,,,,,,,,,,,,,,,,,,,,,,,,,,,,,,,,,
AF7,TEMPSENSOR_REXT,,,,,,,,,,,,,,,,,,,,,,,,,,,,,,,,,,,,"TEMPSENSOR_REXT(TEMPSENSOR,rext)","TEMPSENSOR_REXT(TEMPSENSOR,rext)"
AG7,VDD_SNVS_1P8_CAP,,,,,,,,,,,,,,,,,,,,,,,,,,,,,,,,,,,,,
AH7,VDDA_1P0_CAP,,,,,,,,,,,,,,,,,,,,,,,,,,,,,,,,,,,,,
C8,USB_OTG1_REXT,,,,,,,,,,,,,,,,,,"USB_OTG1_REXT(USB,usb_otg1_rext)",,,,,,,,,,,,,,,,,,,"USB_OTG1_REXT(USB,usb_otg1_rext)"
D8,VSS16,,,,,,,,,,,,,,,,,,,,,,,,,,,,,,,,,,,,,
F8,VSS24,,,,,,,,,,,,,,,,,,,,,,,,,,,,,,,,,,,,,
K8,VDD_SOC4,,,,,,,,,,,,,,,,,,,,,,,,,,,,,,,,,,,,,
W8,PVCC_I2C_SPI_UART_CAP,,,,,,,,,,,,,,,,,,,,,,,,,,,,,,,,,,,,,
AC8,VSS57,,,,,,,,,,,,,,,,,,,,,,,,,,,,,,,,,,,,,
AE8,VSS68,,,,,,,,,,,,,,,,,,,,,,,,,,,,,,,,,,,,,
AF8,VSS73,,,,,,,,,,,,,,,,,,,,,,,,,,,,,,,,,,,,,
A9,USB_OTG2_REXT,,,,,,,,,,,,,,,,,,"USB_OTG2_REXT(USB,usb_otg2_rext)",,,,,,,,,,,,,,,,,,,"USB_OTG2_REXT(USB,usb_otg2_rext)"
B9,USB_OTG1_ID,X2A43,,,,,,,,,,,,,,,,,"USB_OTG1_ID(USB,usb_otg1_id)",,,,,,,,,,,,,,,,,,,"USB_OTG1_ID(USB,usb_otg1_id)"
C9,USB_OTG1_VBUS,X2A44,,,,,,,,,,,,,,,,,,,,,,,,,,,,,,,,,,,,
D9,VDD_USB_OTG1_3P3_IN,,,,,,,,,,,,,,,,,,,,,,,,,,,,,,,,,,,,,
E9,VDD_USB_OTG1_1P0_CAP,,,,,,,,,,,,,,,,,,,,,,,,,,,,,,,,,,,,,
F9,VDD_USB_OTG2_1P0_CAP,,,,,,,,,,,,,,,,,,,,,,,,,,,,,,,,,,,,,
G9,ENET1_TXC,X2A11,"GPIO7_IO11(GPIO7,gpio_io,11)",,,,"EPDC_PWR_CTRL3(EPDC,epdc_pwr_ctrl,3)",,,"RGMII1_TXC(ENET1,rgmii_txc)/ENET1_TX_ER(ENET1,enet_tx_er)",,"SAI1_RX_BCLK(SAI1,sai_rx_bclk)",,,,,,,,,"GPT2_COMPARE2(GPT2,gpt_compare,2)",,,,,,,,,,,,,,,,,"RGMII1_TXC(ENET1,rgmii_txc)"
J9,VDD_SOC1,,,,,,,,,,,,,,,,,,,,,,,,,,,,,,,,,,,,,
L9,NVCC_SD2,,,,,,,,,,,,,,,,,,,,,,,,,,,,,,,,,,,,,
N9,NVCC_SD3,,,,,,,,,,,,,,,,,,,,,,,,,,,,,,,,,,,,,
P9,NVCC_SPI,,,,,,,,,,,,,,,,,,,,,,,,,,,,,,,,,,,,,
R9,NVCC_I2C,,,,,,,,,,,,,,,,,,,,,,,,,,,,,,,,,,,,,
T9,NVCC_UART,,,,,,,,,,,,,,,,,,,,,,,,,,,,,,,,,,,,,
V9,FUSE_FSOURCE,,,,,,,,,,,,,,,,,,,,,,,,,,,,,,,,,,,,,
Y9,NVCC_GPIO1,,,,,,,,,,,,,,,,,,,,,,,,,,,,,,,,,,,,,
AB9,SNVS_TAMPER09,,,,,,,,,,,,,,,,,,,,,,,,,,,,,"SNVS_TAMPER9(SNVS,tamper,9)",,,,,,,,"SNVS_TAMPER9(SNVS,tamper,9)"
AC9,SNVS_TAMPER02,X1B12,,,,,,,,,,,,,,,,,,,,,,,,,,,,"SNVS_TAMPER2(SNVS,tamper,2)",,,,,,,,"SNVS_TAMPER2(SNVS,tamper,2)"
AD9,ADC1_IN3,X1A36,,,,,,,,,,,,,,,,,,,,,,,,,,,,,,"ADC1_IN3(ADC1,adc_in3)",,,,,,"ADC1_IN3(ADC1,adc_in3)"
AE9,VSS88,,,,,,,,,,,,,,,,,,,,,,,,,,,,,,,,,,,,,
AF9,VSS74,,,,,,,,,,,,,,,,,,,,,,,,,,,,,,,,,,,,,
AG9,RTC_XTALI,,,,,,,,,,,,,,,,,,,,,,,,,,,,"RTC_XTALI(XTALOSC,rtc_xtali)",,,,,,,,,"RTC_XTALI(XTALOSC,rtc_xtali)"
AH9,RTC_XTALO,,,,,,,,,,,,,,,,,,,,,,,,,,,,"RTC_XTALO(XTALOSC,rtc_xtalo)",,,,,,,,,"RTC_XTALO(XTALOSC,rtc_xtalo)"
B10,USB_OTG2_ID,X2A45,,,,,,,,,,,,,,,,,"USB_OTG2_ID(USB,usb_otg2_id)",,,,,,,,,,,,,,,,,,,"USB_OTG2_ID(USB,usb_otg2_id)"
C10,VSS8,,,,,,,,,,,,,,,,,,,,,,,,,,,,,,,,,,,,,
F10,VSS25,,,,,,,,,,,,,,,,,,,,,,,,,,,,,,,,,,,,,
H10,VDD_SOC0,,,,,,,,,,,,,,,,,,,,,,,,,,,,,,,,,,,,,
AA10,VDD_1P2_CAP,,,,,,,,,,,,,,,,,,,,,,,,,,,,,,,,,,,,,
AC10,VSS58,,,,,,,,,,,,,,,,,,,,,,,,,,,,,,,,,,,,,
AF10,VSS75,,,,,,,,,,,,,,,,,,,,,,,,,,,,,,,,,,,,,
AG10,VSS82,,,,,,,,,,,,,,,,,,,,,,,,,,,,,,,,,,,,,
A11,USB_OTG2_DP,X2A37,,,,,,,,,,,,,,,,,"USB_OTG2_DP(USB,usb_otg2_dp)",,,,,,,,,,,,,,,,,,,"USB_OTG2_DP(USB,usb_otg2_dp)"
B11,USB_OTG2_DN,X2A38,,,,,,,,,,,,,,,,,"USB_OTG2_DN(USB,usb_otg2_dn)",,,,,,,,,,,,,,,,,,,"USB_OTG2_DN(USB,usb_otg2_dn)"
C11,USB_OTG2_VBUS,X2A46,,,,,,,,,,,,,,,,,,,,,,,,,,,,,,,,,,,,
D11,VDD_USB_OTG2_3P3_IN,,,,,,,,,,,,,,,,,,,,,,,,,,,,,,,,,,,,,
E11,ENET1_RX_CTL,X2A14,"GPIO7_IO04(GPIO7,gpio_io,04)",,,,"EPDC_SDCE6(EPDC,epdc_sdce,6)",,,"RGMII1_RX_CTL(ENET1,rgmii_rx_ctl)","ECSPI2_SS1(ECSPI2,ecspi_ss,1)",,,,"KEY_ROW1(KPP,key_row,1)",,,,,,,,,,,,,,,,,,,,,,,"RGMII1_RX_CTL(ENET1,rgmii_rx_ctl)"
F11,ENET1_RXC,X2A13,"GPIO7_IO05(GPIO7,gpio_io,05)",,,,"EPDC_SDCE7(EPDC,epdc_sdce,7)",,,"RGMII1_RXC(ENET1,rgmii_rxc)/ENET1_RX_ER(ENET1,enet_rx_er)","ECSPI2_SS2(ECSPI2,ecspi_ss,2)",,,,"KEY_COL1(KPP,key_col,1)",,,,,,,,,,,,,,,,,,,,,,,"RGMII1_RXC(ENET1,rgmii_rxc)"
G11,ENET1_TX_CTL,X2A12,"GPIO7_IO10(GPIO7,gpio_io,10)",,,,"EPDC_PWR_CTRL2(EPDC,epdc_pwr_ctrl,2)",,,"RGMII1_TX_CTL(ENET1,rgmii_tx_ctl)",,"SAI1_RX_SYNC(SAI1,sai_rx_sync)",,,,,,,,,"GPT2_COMPARE1(GPT2,gpt_compare,1)",,,,,,,,,,,,,,,,,"RGMII1_TX_CTL(ENET1,rgmii_tx_ctl)"
J11,NVCC_SD1,,,,,,,,,,,,,,,,,,,,,,,,,,,,,,,,,,,,,
L11,VDD_SOC7,,,,,,,,,,,,,,,,,,,,,,,,,,,,,,,,,,,,,
N11,VSS41,,,,,,,,,,,,,,,,,,,,,,,,,,,,,,,,,,,,,
T11,VSS43,,,,,,,,,,,,,,,,,,,,,,,,,,,,,,,,,,,,,
V11,VDD_SOC21,,,,,,,,,,,,,,,,,,,,,,,,,,,,,,,,,,,,,
Y11,NVCC_GPIO2,,,,,,,,,,,,,,,,,,,,,,,,,,,,,,,,,,,,,
AB11,PVCC_GPIO_CAP,,,,,,,,,,,,,,,,,,,,,,,,,,,,,,,,,,,,,
AC11,SNVS_TAMPER01,X1A14,,,,,,,,,,,,,,,,,,,,,,,,,,,,"SNVS_TAMPER1(SNVS,tamper,1)",,,,,,,,"SNVS_TAMPER1(SNVS,tamper,1)"
AD11,CCM_PMIC_STBY_REQ,,,,,,,,,,,,,,,,,"CCM_PMIC_STBY_REQ(CCM,ccm_pmic_stby_req)",,,,,,,,,,,,,,,,,,,,"CCM_PMIC_STBY_REQ(CCM,ccm_pmic_stby_req)"
AE11,SNVS_TAMPER00,X1A13,,,,,,,,,,,,,,,,,,,,,,,,,,,,"SNVS_TAMPER0(SNVS,tamper,0)",,,,,,,,"SNVS_TAMPER0(SNVS,tamper,0)"
AF11,VSS76,,,,,,,,,,,,,,,,,,,,,,,,,,,,,,,,,,,,,
AG11,PCIE_REFCLKOUT_N,X1B29,,,,,,,,,,,,,,,,,,,,,,,,,,"PCIE_REFCLKOUT_N(PCIE,pcie_refclkout_n)",,,,,,,,,,"PCIE_REFCLKOUT_N(PCIE,pcie_refclkout_n)"
AH11,PCIE_REFCLKOUT_P,X1B28,,,,,,,,,,,,,,,,,,,,,,,,,,"PCIE_REFCLKOUT_P(PCIE,pcie_refclkout_p)",,,,,,,,,,"PCIE_REFCLKOUT_P(PCIE,pcie_refclkout_p)"
C12,VDD_USB_H_1P20,,,,,,,,,,,,,,,,,,,,,,,,,,,,,,,,,,,,,
D12,VSS17,,,,,,,,,,,,,,,,,,,,,,,,,,,,,,,,,,,,,
F12,VSS26,,,,,,,,,,,,,,,,,,,,,,,,,,,,,,,,,,,,,
AC12,VSS59,,,,,,,,,,,,,,,,,,,,,,,,,,,,,,,,,,,,,
AE12,VDDD_1P0_CAP1,,,,,,,,,,,,,,,,,,,,,,,,,,,,,,,,,,,,,
AF12,VDDD_1P0_CAP2,,,,,,,,,,,,,,,,,,,,,,,,,,,,,,,,,,,,,
A13,USB_H_DATA,X2A34,,,,,,,,,,,,,,,,,"USB_H_DATA(USB,usb_h_data)",,,,,,,,,,,,,,,,,,,"USB_H_DATA(USB,usb_h_data)"
B13,USB_H_STROBE,X2A35,,,,,,,,,,,,,,,,,"USB_H_STROBE(USB,usb_h_strobe)",,,,,,,,,,,,,,,,,,,"USB_H_STROBE(USB,usb_h_strobe)"
C13,VSS9,,,,,,,,,,,,,,,,,,,,,,,,,,,,,,,,,,,,,
D13,ENET1_TDATA1,X2A7,"GPIO7_IO07(GPIO7,gpio_io,07)",,,,"EPDC_SDCE9(EPDC,epdc_sdce,9)",,,"RGMII1_TD1(ENET1,rgmii_td,1)","ECSPI2_RDY(ECSPI2,ecspi_rdy)",,,,"KEY_COL0(KPP,key_col,0)",,,,,,,,,,,"PWM4_OUT(PWM4,pwm_out)",,,,,,,,,,,,"RGMII1_TD1(ENET1,rgmii_td,1)"
E13,ENET1_TDATA0,X2A6,"GPIO7_IO06(GPIO7,gpio_io,06)",,,,"EPDC_SDCE8(EPDC,epdc_sdce,8)",,,"RGMII1_TD0(ENET1,rgmii_td,0)","ECSPI2_SS3(ECSPI2,ecspi_ss,3)",,,,"KEY_ROW0(KPP,key_row,0)",,,,,,,,,,,"PWM3_OUT(PWM3,pwm_out)",,,,,,,,,,,,"RGMII1_TD0(ENET1,rgmii_td,0)"
F13,ENET1_TX_CLK,X2A59,"GPIO7_IO12(GPIO7,gpio_io,12)",,,,"EPDC_PWR_IRQ(EPDC,epdc_pwr_irq)",,,"ENET1_TX_CLK(ENET1,enet_tx_clk)",,"SAI1_RX_DATA(SAI1,sai_rx_data)",,,,,,"CCM_ENET_REF_CLK1(CCM,ccm_enet_ref_clk,1)/CCM_EXT_CLK1(CCM,ccm_ext_clk,1)",,,"GPT2_COMPARE3(GPT2,gpt_compare,3)",,,,,,,,,,,,,,,,,"SAI1_RX_DATA(SAI1,sai_rx_data)"
G13,VDD_USB_H_1P21,,,,,,,,,,,,,,,,,,,,,,,,,,,,,,,,,,,,,
J13,NVCC_SAI,,,,,,,,,,,,,,,,,,,,,,,,,,,,,,,,,,,,,
L13,VSS35,,,,,,,,,,,,,,,,,,,,,,,,,,,,,,,,,,,,,
N13,VDD_SOC9,,,,,,,,,,,,,,,,,,,,,,,,,,,,,,,,,,,,,
T13,VDD_SOC19,,,,,,,,,,,,,,,,,,,,,,,,,,,,,,,,,,,,,
V13,VSS49,,,,,,,,,,,,,,,,,,,,,,,,,,,,,,,,,,,,,
Y13,VDD_SNVS_IN,,,,,,,,,,,,,,,,,,,,,,,,,,,,,,,,,,,,,
AB13,PCIE_VP,,,,,,,,,,,,,,,,,,,,,,,,,,,"PCIE_VP(PCIE,pcie_vp)",,,,,,,,,,"PCIE_VP(PCIE,pcie_vp)"
AC13,VDDD_1P0_CAP0,,,,,,,,,,,,,,,,,,,,,,,,,,,,,,,,,,,,,
AD13,ONOFF,X1B6,,,,,,,,,,,,,,,,,,,,,,,,,,,"ONOFF(XTALOSC,onoff)",,,,,,,,,"ONOFF(XTALOSC,onoff)"
AE13,SNVS_PMIC_ON_REQ,,,,,,,,,,,,,,,,,,,,,,,,,,,,,"SNVS_PMIC_ON_REQ(SNVS,pmic_on_req)",,,,,,,,"SNVS_PMIC_ON_REQ(SNVS,pmic_on_req)"
AF13,VSS77,,,,,,,,,,,,,,,,,,,,,,,,,,,,,,,,,,,,,
AG13,PCIE_REFCLKIN_N,,,,,,,,,,,,,,,,,,,,,,,,,,,"PCIE_REFCLKIN_N(PCIE,pcie_refclkin_n)",,,,,,,,,,"PCIE_REFCLKIN_N(PCIE,pcie_refclkin_n)"
AH13,PCIE_REFCLKIN_P,,,,,,,,,,,,,,,,,,,,,,,,,,,"PCIE_REFCLKIN_P(PCIE,pcie_refclkin_p)",,,,,,,,,,"PCIE_REFCLKIN_P(PCIE,pcie_refclkin_p)"
B14,MIPI_CSI_D1_P,X2A32,,,,,,,,,,,,,,,,,,,,,,,,,,,,,,,,"MIPI_CSI_D1_P(MIPI_CSI2,mipi_csi_d1_p)",,,,"MIPI_CSI_D1_P(MIPI_CSI2,mipi_csi_d1_p)"
C14,VSS10,,,,,,,,,,,,,,,,,,,,,,,,,,,,,,,,,,,,,
F14,VSS27,,,,,,,,,,,,,,,,,,,,,,,,,,,,,,,,,,,,,
J14,PVCC_SAI_SD_CAP,,,,,,,,,,,,,,,,,,,,,,,,,,,,,,,,,,,,,
Y14,VDDA_PHY_1P8,,,,,,,,,,,,,,,,,,,,,,,,,,,,,,,,,,,,,
AC14,VSS60,,,,,,,,,,,,,,,,,,,,,,,,,,,,,,,,,,,,,
AF14,VSS78,,,,,,,,,,,,,,,,,,,,,,,,,,,,,,,,,,,,,
AG14,PCIE_TX_N,X1B26,,,,,,,,,,,,,,,,,,,,,,,,,,"PCIE_TX_N(PCIE,pcie_tx_n)",,,,,,,,,,"PCIE_TX_N(PCIE,pcie_tx_n)"
B15,MIPI_CSI_D1_N,X2A31,,,,,,,,,,,,,,,,,,,,,,,,,,,,,,,,"MIPI_CSI_D1_N(MIPI_CSI2,mipi_csi_d1_n)",,,,"MIPI_CSI_D1_N(MIPI_CSI2,mipi_csi_d1_n)"
C15,VSS11,,,,,,,,,,,,,,,,,,,,,,,,,,,,,,,,,,,,,
F15,VSS28,,,,,,,,,,,,,,,,,,,,,,,,,,,,,,,,,,,,,
J15,VDDA_MIPI_1P8,,,,,,,,,,,,,,,,,,,,,,,,,,,,,,,,,,,,,
Y15,PCIE_VPH,,,,,,,,,,,,,,,,,,,,,,,,,,,"PCIE_VPH(PCIE,pcie_vph)",,,,,,,,,,"PCIE_VPH(PCIE,pcie_vph)"
AC15,VSS61,,,,,,,,,,,,,,,,,,,,,,,,,,,,,,,,,,,,,
AF15,VSS79,,,,,,,,,,,,,,,,,,,,,,,,,,,,,,,,,,,,,
AG15,PCIE_TX_P,X1B25,,,,,,,,,,,,,,,,,,,,,,,,,,"PCIE_TX_P(PCIE,pcie_tx_p)",,,,,,,,,,"PCIE_TX_P(PCIE,pcie_tx_p)"
A16,MIPI_CSI_CLK_P,X2A29,,,,,,,,,,,,,,,,,,,,,,,,,,,,,,,,"MIPI_CSI_CLK_P(MIPI_CSI2,mipi_csi_clk_p)",,,,"MIPI_CSI_CLK_P(MIPI_CSI2,mipi_csi_clk_p)"
B16,MIPI_CSI_CLK_N,X2A28,,,,,,,,,,,,,,,,,,,,,,,,,,,,,,,,"MIPI_CSI_CLK_N(MIPI_CSI2,mipi_csi_clk_n)",,,,"MIPI_CSI_CLK_N(MIPI_CSI2,mipi_csi_clk_n)"
C16,VDD_ARM2,,,,,,,,,,,,,,,,,,,,,,,,,,,,,,,,,,,,,
D16,ENET1_RDATA3,X2A4,"GPIO7_IO03(GPIO7,gpio_io,03)",,"UART1_TX_DATA(UART1,uart_tx_data)",,"EPDC_SDCE5(EPDC,epdc_sdce,5)",,,"RGMII1_RD3(ENET1,rgmii_rd,3)","ECSPI2_MOSI(ECSPI2,ecspi_mosi)",,,,"KEY_COL2(KPP,key_col,2)",,,,,,,,"FLEXCAN1_TX(FLEXCAN1,flexcan_tx)",,,,,,,,,,,,,,,"RGMII1_RD3(ENET1,rgmii_rd,3)"
E16,ENET1_TDATA2,X2A8,"GPIO7_IO08(GPIO7,gpio_io,08)",,,,"EPDC_SDOED(EPDC,epdc_sdoed)",,,"RGMII1_TD2(ENET1,rgmii_td,2)","ECSPI2_MISO(ECSPI2,ecspi_miso)",,,,,"I2C4_SCL(I2C4,i2c_scl)",,,,,,,"FLEXCAN2_RX(FLEXCAN2,flexcan_rx)",,,,,,,,,,,,,,,"RGMII1_TD2(ENET1,rgmii_td,2)"
F16,ENET1_TDATA3,X2A9,"GPIO7_IO09(GPIO7,gpio_io,09)",,,,"EPDC_SDOEZ(EPDC,epdc_sdoez)",,,"RGMII1_TD3(ENET1,rgmii_td,3)","ECSPI2_SS0(ECSPI2,ecspi_ss,0)",,,,,"I2C4_SDA(I2C4,i2c_sda)",,,,,,,"FLEXCAN2_TX(FLEXCAN2,flexcan_tx)",,,,,,,,,,,,,,,"RGMII1_TD3(ENET1,rgmii_td,3)"
G16,PVCC_ENET_CAP,,,,,,,,,,,,,,,,,,,,,,,,,,,,,,,,,,,,,
J16,VDD_MIPI_1P0,,,,,,,,,,,,,,,,,,,,,,,,,,,,,,,,,,,,,
L16,VSS36,,,,,,,,,,,,,,,,,,,,,,,,,,,,,,,,,,,,,
N16,VDD_SOC10,,,,,,,,,,,,,,,,,,,,,,,,,,,,,,,,,,,,,
T16,VDD_SOC20,,,,,,,,,,,,,,,,,,,,,,,,,,,,,,,,,,,,,
V16,VSS50,,,,,,,,,,,,,,,,,,,,,,,,,,,,,,,,,,,,,
Y16,PCIE_REXT,,,,,,,,,,,,,,,,,,,,,,,,,,,"PCIE_REXT(PCIE,pcie_rext)",,,,,,,,,,"PCIE_REXT(PCIE,pcie_rext)"
AB16,DRAM_DATA14,,,"DRAM_DATA14(MMDC,dram_data,14)",,,,,,,,,,,,,,,,,,,,,,,,,,,,,,,,,,"DRAM_DATA14(MMDC,dram_data,14)"
AC16,DRAM_DATA11,,,"DRAM_DATA11(MMDC,dram_data,11)",,,,,,,,,,,,,,,,,,,,,,,,,,,,,,,,,,"DRAM_DATA11(MMDC,dram_data,11)"
AD16,DRAM_DATA10,,,"DRAM_DATA10(MMDC,dram_data,10)",,,,,,,,,,,,,,,,,,,,,,,,,,,,,,,,,,"DRAM_DATA10(MMDC,dram_data,10)"
AE16,DRAM_DATA15,,,"DRAM_DATA15(MMDC,dram_data,15)",,,,,,,,,,,,,,,,,,,,,,,,,,,,,,,,,,"DRAM_DATA15(MMDC,dram_data,15)"
AF16,DRAM_ODT0,,,"DRAM_ODT0(MMDC,dram_odt,0)",,,,,,,,,,,,,,,,,,,,,,,,,,,,,,,,,,"DRAM_ODT0(MMDC,dram_odt,0)"
AG16,PCIE_RX_N,X1B22,,,,,,,,,,,,,,,,,,,,,,,,,,"PCIE_RX_N(PCIE,pcie_rx_n)",,,,,,,,,,"PCIE_RX_N(PCIE,pcie_rx_n)"
AH16,PCIE_RX_P,X1B23,,,,,,,,,,,,,,,,,,,,,,,,,,"PCIE_RX_P(PCIE,pcie_rx_p)",,,,,,,,,,"PCIE_RX_P(PCIE,pcie_rx_p)"
C17,VDD_ARM3,,,,,,,,,,,,,,,,,,,,,,,,,,,,,,,,,,,,,
D17,VSS18,,,,,,,,,,,,,,,,,,,,,,,,,,,,,,,,,,,,,
F17,VSS29,,,,,,,,,,,,,,,,,,,,,,,,,,,,,,,,,,,,,
AC17,VSS62,,,,,,,,,,,,,,,,,,,,,,,,,,,,,,,,,,,,,
AE17,VSS69,,,,,,,,,,,,,,,,,,,,,,,,,,,,,,,,,,,,,
AF17,NVCC_DRAM8,,,,,,,,,,,,,,,,,,,,,,,,,,,,,,,,,,,,,
A18,MIPI_CSI_D0_P,X2A25,,,,,,,,,,,,,,,,,,,,,,,,,,,,,,,,"MIPI_CSI_D0_P(MIPI_CSI2,mipi_csi_d0_p)",,,,"MIPI_CSI_D0_P(MIPI_CSI2,mipi_csi_d0_p)"
B18,MIPI_CSI_D0_N,X2A26,,,,,,,,,,,,,,,,,,,,,,,,,,,,,,,,"MIPI_CSI_D0_N(MIPI_CSI2,mipi_csi_d0_n)",,,,"MIPI_CSI_D0_N(MIPI_CSI2,mipi_csi_d0_n)"
C18,VDD_ARM4,,,,,,,,,,,,,,,,,,,,,,,,,,,,,,,,,,,,,
D18,LCD1_DATA07,X2A36,"GPIO3_IO12(GPIO3,gpio_io,12)",,,"LCD_DATA07(ELCDIF,lcd_data,07)",,"EIM_DATA07(EIM,eim_data,07)",,,,,"CSI_MCLK(CSI,csi_mclk)",,,,,,,"SRC_BOOT_CFG07(SRC,src_boot_cfg,07)",,"ARM_PLATFORM_TRACE07(ARM_PLATFORM,arm_platform_trace,07)",,,,,,,,,,,,,,,,"LCD_DATA07(ELCDIF,lcd_data,07)"
E18,LCD1_DATA06,X2A35,"GPIO3_IO11(GPIO3,gpio_io,11)",,,"LCD_DATA06(ELCDIF,lcd_data,06)",,"EIM_DATA06(EIM,eim_data,06)",,,,,"CSI_PIXCLK(CSI,csi_pixclk)",,,,,,,"SRC_BOOT_CFG06(SRC,src_boot_cfg,06)",,"ARM_PLATFORM_TRACE06(ARM_PLATFORM,arm_platform_trace,06)",,,,,,,,,,,,,,,,"LCD_DATA06(ELCDIF,lcd_data,06)"
F18,ENET1_CRS,X2A58,"GPIO7_IO14(GPIO7,gpio_io,14)",,,,"EPDC_PWR_CTRL0(EPDC,epdc_pwr_ctrl,0)",,,"ENET1_CRS(ENET1,enet_crs)",,"SAI1_TX_SYNC(SAI1,sai_tx_sync)",,,,,,"CCM_EXT_CLK3(CCM,ccm_ext_clk,3)",,,"GPT2_CAPTURE1(GPT2,gpt_capture,1)",,,,,,"WDOG2_RESET_B_DEB(WDOG2,wdog_reset_b_deb)",,,,,,,,,,,"SAI1_TX_SYNC(SAI1,sai_tx_sync)"
G18,ENET1_COL,X2A59,"GPIO7_IO15(GPIO7,gpio_io,15)",,,,"EPDC_PWR_CTRL1(EPDC,epdc_pwr_ctrl,1)",,,"ENET1_COL(ENET1,enet_col)",,"SAI1_TX_DATA(SAI1,sai_tx_data)",,,,,,"CCM_EXT_CLK4(CCM,ccm_ext_clk,4)",,,"GPT2_CAPTURE2(GPT2,gpt_capture,2)",,,,,,"WDOG1_ANY(WDOG1,wdog_any)",,,,,,,,,,,"SAI1_TX_DATA(SAI1,sai_tx_data)"
J18,NVCC_ENET1,,,,,,,,,,,,,,,,,,,,,,,,,,,,,,,,,,,,,
L18,VDD_SOC8,,,,,,,,,,,,,,,,,,,,,,,,,,,,,,,,,,,,,
N18,VSS42,,,,,,,,,,,,,,,,,,,,,,,,,,,,,,,,,,,,,
T18,VSS44,,,,,,,,,,,,,,,,,,,,,,,,,,,,,,,,,,,,,
V18,VDD_SOC22,,,,,,,,,,,,,,,,,,,,,,,,,,,,,,,,,,,,,
Y18,DRAM_ZQPAD,,,"DRAM_ZQPAD(MMDC,dram_zqpad)",,,,,,,,,,,,,,,,,,,,,,,,,,,,,,,,,,"DRAM_ZQPAD(MMDC,dram_zqpad)"
AB18,DRAM_DATA09,,,"DRAM_DATA09(MMDC,dram_data,09)",,,,,,,,,,,,,,,,,,,,,,,,,,,,,,,,,,"DRAM_DATA09(MMDC,dram_data,09)"
AC18,DRAM_DATA08,,,"DRAM_DATA08(MMDC,dram_data,08)",,,,,,,,,,,,,,,,,,,,,,,,,,,,,,,,,,"DRAM_DATA08(MMDC,dram_data,08)"
AD18,DRAM_DATA12,,,"DRAM_DATA12(MMDC,dram_data,12)",,,,,,,,,,,,,,,,,,,,,,,,,,,,,,,,,,"DRAM_DATA12(MMDC,dram_data,12)"
AE18,DRAM_DATA13,,,"DRAM_DATA13(MMDC,dram_data,13)",,,,,,,,,,,,,,,,,,,,,,,,,,,,,,,,,,"DRAM_DATA13(MMDC,dram_data,13)"
AF18,NVCC_DRAM9,,,,,,,,,,,,,,,,,,,,,,,,,,,,,,,,,,,,,
AG18,NVCC_DRAM11,,,,,,,,,,,,,,,,,,,,,,,,,,,,,,,,,,,,,
AH18,NVCC_DRAM12,,,,,,,,,,,,,,,,,,,,,,,,,,,,,,,,,,,,,
B19,MIPI_VREG_0P4V,,,,,,,,,,,,,,,,,,,,,,,,,,,,,,,,,,,,,
C19,VDD_ARM5,,,,,,,,,,,,,,,,,,,,,,,,,,,,,,,,,,,,,
F19,VDD_ARM9,,,,,,,,,,,,,,,,,,,,,,,,,,,,,,,,,,,,,
H19,VDD_ARM10,,,,,,,,,,,,,,,,,,,,,,,,,,,,,,,,,,,,,
AA19,NVCC_DRAM6,,,,,,,,,,,,,,,,,,,,,,,,,,,,,,,,,,,,,
AC19,NVCC_DRAM7,,,,,,,,,,,,,,,,,,,,,,,,,,,,,,,,,,,,,
AF19,NVCC_DRAM10,,,,,,,,,,,,,,,,,,,,,,,,,,,,,,,,,,,,,
AG19,DRAM_DATA01,,,"DRAM_DATA01(MMDC,dram_data,01)",,,,,,,,,,,,,,,,,,,,,,,,,,,,,,,,,,"DRAM_DATA01(MMDC,dram_data,01)"
A20,VDD_ARM0,,,,,,,,,,,,,,,,,,,,,,,,,,,,,,,,,,,,,
B20,VDD_ARM1,,,,,,,,,,,,,,,,,,,,,,,,,,,,,,,,,,,,,
C20,VDD_ARM6,,,,,,,,,,,,,,,,,,,,,,,,,,,,,,,,,,,,,
D20,LCD1_CLK,X2A31,"GPIO3_IO00(GPIO3,gpio_io,00)",,"UART2_RX_DATA(UART2,uart_rx_data)","LCD_CLK(ELCDIF,lcd_clk)",,,,"ENET1_1588_EVENT2_IN(ENET1,enet_1588_event2_in)","ECSPI4_MISO(ECSPI4,ecspi_miso)",,"CSI_DATA16(CSI,csi_data,16)",,,,,,,,,,,,,,,,,,,,,,,,,"LCD_CLK(ELCDIF,lcd_clk)"
E20,LCD1_RESET,X2A30,"GPIO3_IO04(GPIO3,gpio_io,04)",,,"LCD_RS(ELCDIF,lcd_rs)",,"EIM_DTACK_B(EIM,eim_dtack_b)",,,,,"CSI_FIELD(CSI,csi_field)",,,,,,,,"GPT1_COMPARE1(GPT1,gpt_compare,1)","ARM_PLATFORM_EVENTI(ARM_PLATFORM,arm_platform_eventi)",,,,,,,,,,,,,,,,"LCD_RS(ELCDIF,lcd_rs)"
F20,LCD1_DATA08,X2A32,"GPIO3_IO13(GPIO3,gpio_io,13)",,,"LCD_DATA08(ELCDIF,lcd_data,08)",,"EIM_DATA08(EIM,eim_data,08)",,,,,"CSI_DATA09(CSI,csi_data,09)",,,,,,,"SRC_BOOT_CFG08(SRC,src_boot_cfg,08)",,"ARM_PLATFORM_TRACE08(ARM_PLATFORM,arm_platform_trace,08)",,,,,,,,,,,,,,,,"LCD_DATA08(ELCDIF,lcd_data,08)"
G20,LCD1_DATA09,X2A34,"GPIO3_IO14(GPIO3,gpio_io,14)",,,"LCD_DATA09(ELCDIF,lcd_data,09)",,"EIM_DATA09(EIM,eim_data,09)",,,,,"CSI_DATA08(CSI,csi_data,08)",,,,,,,"SRC_BOOT_CFG09(SRC,src_boot_cfg,09)",,"ARM_PLATFORM_TRACE09(ARM_PLATFORM,arm_platform_trace,09)",,,,,,,,,,,,,,,,"LCD_DATA09(ELCDIF,lcd_data,09)"
J20,VDD_ARM11,,,,,,,,,,,,,,,,,,,,,,,,,,,,,,,,,,,,,
L20,NVCC_LCD,,,,,,,,,,,,,,,,,,,,,,,,,,,,,,,,,,,,,
N20,NVCC_EPDC2,,,,,,,,,,,,,,,,,,,,,,,,,,,,,,,,,,,,,
P20,NVCC_EPDC1,,,,,,,,,,,,,,,,,,,,,,,,,,,,,,,,,,,,,
R20,PVCC_EPDC_LCD_CAP,,,,,,,,,,,,,,,,,,,,,,,,,,,,,,,,,,,,,
T20,DRAM_VREF,,,"DRAM_VREF(MMDC,dram_vref)",,,,,,,,,,,,,,,,,,,,,,,,,,,,,,,,,,"DRAM_VREF(MMDC,dram_vref)"
V20,NVCC_DRAM_CKE,,,,,,,,,,,,,,,,,,,,,,,,,,,,,,,,,,,,,
Y20,NVCC_DRAM5,,,,,,,,,,,,,,,,,,,,,,,,,,,,,,,,,,,,,
AB20,DRAM_SDQS1_P,,,"DRAM_SDQS1_P(MMDC,dram_sdqs1_p)",,,,,,,,,,,,,,,,,,,,,,,,,,,,,,,,,,"DRAM_SDQS1_P(MMDC,dram_sdqs1_p)"
AC20,DRAM_SDQS1_N,,,"DRAM_SDQS1_N(MMDC,dram_sdqs1_n)",,,,,,,,,,,,,,,,,,,,,,,,,,,,,,,,,,"DRAM_SDQS1_N(MMDC,dram_sdqs1_n)"
AD20,DRAM_DQM1,,,"DRAM_DQM1(MMDC,dram_dqm,1)",,,,,,,,,,,,,,,,,,,,,,,,,,,,,,,,,,"DRAM_DQM1(MMDC,dram_dqm,1)"
AE20,DRAM_ADDR14,,,"DRAM_ADDR14(MMDC,dram_addr,14)",,,,,,,,,,,,,,,,,,,,,,,,,,,,,,,,,,"DRAM_ADDR14(MMDC,dram_addr,14)"
AF20,DRAM_DATA04,,,"DRAM_DATA04(MMDC,dram_data,04)",,,,,,,,,,,,,,,,,,,,,,,,,,,,,,,,,,"DRAM_DATA04(MMDC,dram_data,04)"
AG20,DRAM_DATA02,,,"DRAM_DATA02(MMDC,dram_data,02)",,,,,,,,,,,,,,,,,,,,,,,,,,,,,,,,,,"DRAM_DATA02(MMDC,dram_data,02)"
AH20,DRAM_DATA07,,,"DRAM_DATA07(MMDC,dram_data,07)",,,,,,,,,,,,,,,,,,,,,,,,,,,,,,,,,,"DRAM_DATA07(MMDC,dram_data,07)"
C21,VDD_ARM7,,,,,,,,,,,,,,,,,,,,,,,,,,,,,,,,,,,,,
D21,VSS19,,,,,,,,,,,,,,,,,,,,,,,,,,,,,,,,,,,,,
F21,VSS30,,,,,,,,,,,,,,,,,,,,,,,,,,,,,,,,,,,,,
K21,VDD_ARM12,,,,,,,,,,,,,,,,,,,,,,,,,,,,,,,,,,,,,
W21,NVCC_DRAM2,,,,,,,,,,,,,,,,,,,,,,,,,,,,,,,,,,,,,
AC21,VSS63,,,,,,,,,,,,,,,,,,,,,,,,,,,,,,,,,,,,,
AE21,VSS70,,,,,,,,,,,,,,,,,,,,,,,,,,,,,,,,,,,,,
AF21,DRAM_DATA06,,,"DRAM_DATA06(MMDC,dram_data,06)",,,,,,,,,,,,,,,,,,,,,,,,,,,,,,,,,,"DRAM_DATA06(MMDC,dram_data,06)"
A22,MIPI_DSI_D1_N,X2A22,,,,,,,,,,,,,,,,,,,,,,,,,,,,,,,,,"MIPI_DSI_D1_N(MIPI_DSI,mipi_dsi_d1_n)",,,"MIPI_DSI_D1_N(MIPI_DSI,mipi_dsi_d1_n)"
B22,MIPI_DSI_D1_P,X2A23,,,,,,,,,,,,,,,,,,,,,,,,,,,,,,,,,"MIPI_DSI_D1_P(MIPI_DSI,mipi_dsi_d1_p)",,,"MIPI_DSI_D1_P(MIPI_DSI,mipi_dsi_d1_p)"
C22,VDD_ARM8,,,,,,,,,,,,,,,,,,,,,,,,,,,,,,,,,,,,,
D22,LCD1_DATA04,X2A26,"GPIO3_IO09(GPIO3,gpio_io,09)",,,"LCD_DATA04(ELCDIF,lcd_data,04)",,"EIM_DATA04(EIM,eim_data,04)",,,,,"CSI_VSYNC(CSI,csi_vsync)",,,,,,,"SRC_BOOT_CFG04(SRC,src_boot_cfg,04)","GPT1_CAPTURE2(GPT1,gpt_capture,2)","ARM_PLATFORM_TRACE04(ARM_PLATFORM,arm_platform_trace,04)",,,,,,,,,,,,,,,,"LCD_DATA04(ELCDIF,lcd_data,04)"
E22,LCD1_DATA03,X2A27,"GPIO3_IO08(GPIO3,gpio_io,08)",,,"LCD_DATA03(ELCDIF,lcd_data,03)",,"EIM_DATA03(EIM,eim_data,03)",,,,,"CSI_DATA23(CSI,csi_data,23)",,,,,,,"SRC_BOOT_CFG03(SRC,src_boot_cfg,03)","GPT1_CAPTURE1(GPT1,gpt_capture,1)","ARM_PLATFORM_TRACE03(ARM_PLATFORM,arm_platform_trace,03)",,,,,,,,,,,,,,,,"LCD_DATA03(ELCDIF,lcd_data,03)"
F22,LCD1_DATA00,X2A29,"GPIO3_IO05(GPIO3,gpio_io,05)",,,"LCD_DATA00(ELCDIF,lcd_data,00)",,"EIM_DATA00(EIM,eim_data,00)",,,,,"CSI_DATA20(CSI,csi_data,20)",,,,,,,"SRC_BOOT_CFG00(SRC,src_boot_cfg,00)","GPT1_COMPARE2(GPT1,gpt_compare,2)","ARM_PLATFORM_TRACE00(ARM_PLATFORM,arm_platform_trace,00)",,,,,,,,,,,,,,,,"LCD_DATA00(ELCDIF,lcd_data,00)"
G22,EPDC1_SDCE2,X2A49,"GPIO2_IO22(GPIO2,gpio_io,22)",,,"LCD_DATA21(ELCDIF,lcd_data,21)/LCD_DATA03(ELCDIF,lcd_data,03)","EPDC_SDCE2(EPDC,epdc_sdce,2)","EIM_ADDR16(EIM,eim_addr,16)",,"RGMII2_TD0(ENET2,rgmii_td,0)",,,,,"KEY_COL6(KPP,key_col,6)",,"SIM2_PORT1_SVEN(SIM2,sim_port1_sven)",,,,,,,,,,,,,,,,,,,,,"RGMII2_TD0(ENET2,rgmii_td,0)"
J22,EPDC1_GDOE,X2A52,"GPIO2_IO25(GPIO2,gpio_io,25)",,,"LCD_WR_RWN(ELCDIF,lcd_wr_rwn)/LCD_DATA18(ELCDIF,lcd_data,18)","EPDC_GDOE(EPDC,epdc_gdoe)","EIM_ADDR19(EIM,eim_addr,19)",,"RGMII2_TD3(ENET2,rgmii_td,3)",,,,"FLEXTIMER2_CH1(FTM2,flextimer_ch,1)","KEY_ROW7(KPP,key_row,7)",,,,,,,,,,,,,,,,,,,,,,,"RGMII2_TD3(ENET2,rgmii_td,3)"
L22,EPDC1_BDR1,,"GPIO2_IO29(GPIO2,gpio_io,29)",,,"LCD_ENABLE(ELCDIF,lcd_enable)/LCD_DATA06(ELCDIF,lcd_data,06)","EPDC_BDR1(EPDC,epdc_bdr,1)/EPDC_SDCLK_N(EPDC,epdc_sdclk_n)","EIM_AD08(EIM,eim_ad,08)",,"ENET2_RX_CLK(ENET2,enet_rx_clk)",,,,,,,,,,,,,,,,,,,,,,,,,,,,"GPIO2_IO29(GPIO2,gpio_io,29)"
N22,EPDC1_DATA15,X1B4,"GPIO2_IO15(GPIO2,gpio_io,15)",,"UART7_CTS_B(UART7,uart_cts_b)","LCD_DATA15(ELCDIF,lcd_data,15)/LCD_WR_RWN(ELCDIF,lcd_wr_rwn)","EPDC_DATA15(EPDC,epdc_data,15)/EPDC_PWR_COM(EPDC,epdc_pwr_com)","EIM_CS1(EIM,eim_cs,1)",,,,,,,,,"SIM2_PORT1_RST_B(SIM2,sim_port1_rst_b)",,,,,,,,"QSPI_B_SS1_B(QSPI,qspi_b_ss1_b)",,,,,,,,,,,,,"GPIO2_IO15(GPIO2,gpio_io,15)"
T22,DRAM_DATA27,,,"DRAM_DATA27(MMDC,dram_data,27)",,,,,,,,,,,,,,,,,,,,,,,,,,,,,,,,,,"DRAM_DATA27(MMDC,dram_data,27)"
V22,DRAM_DATA25,,,"DRAM_DATA25(MMDC,dram_data,25)",,,,,,,,,,,,,,,,,,,,,,,,,,,,,,,,,,"DRAM_DATA25(MMDC,dram_data,25)"
Y22,DRAM_SDCKE0,,,"DRAM_SDCKE0(MMDC,dram_sdcke,0)",,,,,,,,,,,,,,,,,,,,,,,,,,,,,,,,,,"DRAM_SDCKE0(MMDC,dram_sdcke,0)"
AB22,DRAM_SDBA1,,,"DRAM_SDBA1(MMDC,dram_sdba,1)",,,,,,,,,,,,,,,,,,,,,,,,,,,,,,,,,,"DRAM_SDBA1(MMDC,dram_sdba,1)"
AC22,DRAM_ADDR09,,,"DRAM_ADDR09(MMDC,dram_addr,09)",,,,,,,,,,,,,,,,,,,,,,,,,,,,,,,,,,"DRAM_ADDR09(MMDC,dram_addr,09)"
AD22,DRAM_ADDR08,,,"DRAM_ADDR08(MMDC,dram_addr,08)",,,,,,,,,,,,,,,,,,,,,,,,,,,,,,,,,,"DRAM_ADDR08(MMDC,dram_addr,08)"
AE22,DRAM_ADDR07,,,"DRAM_ADDR07(MMDC,dram_addr,07)",,,,,,,,,,,,,,,,,,,,,,,,,,,,,,,,,,"DRAM_ADDR07(MMDC,dram_addr,07)"
AF22,DRAM_DATA03,,,"DRAM_DATA03(MMDC,dram_data,03)",,,,,,,,,,,,,,,,,,,,,,,,,,,,,,,,,,"DRAM_DATA03(MMDC,dram_data,03)"
AG22,DRAM_DATA05,,,"DRAM_DATA05(MMDC,dram_data,05)",,,,,,,,,,,,,,,,,,,,,,,,,,,,,,,,,,"DRAM_DATA05(MMDC,dram_data,05)"
AH22,DRAM_DATA00,,,"DRAM_DATA00(MMDC,dram_data,00)",,,,,,,,,,,,,,,,,,,,,,,,,,,,,,,,,,"DRAM_DATA00(MMDC,dram_data,00)"
B23,VSS3,,,,,,,,,,,,,,,,,,,,,,,,,,,,,,,,,,,,,
C23,VSS12,,,,,,,,,,,,,,,,,,,,,,,,,,,,,,,,,,,,,
D23,LCD1_DATA05,X2A25,"GPIO3_IO10(GPIO3,gpio_io,10)",,,"LCD_DATA05(ELCDIF,lcd_data,05)",,"EIM_DATA05(EIM,eim_data,05)",,,,,"CSI_HSYNC(CSI,csi_hsync)",,,,,,,"SRC_BOOT_CFG05(SRC,src_boot_cfg,05)",,"ARM_PLATFORM_TRACE05(ARM_PLATFORM,arm_platform_trace,05)",,,,,,,,,,,,,,,,"LCD_DATA05(ELCDIF,lcd_data,05)"
E23,LCD1_DATA02,X2A24,"GPIO3_IO07(GPIO3,gpio_io,07)",,,"LCD_DATA02(ELCDIF,lcd_data,02)",,"EIM_DATA02(EIM,eim_data,02)",,,,,"CSI_DATA22(CSI,csi_data,22)",,,,,,,"SRC_BOOT_CFG02(SRC,src_boot_cfg,02)","GPT1_CLK(GPT1,gpt_clk)","ARM_PLATFORM_TRACE02(ARM_PLATFORM,arm_platform_trace,02)",,,,,,,,,,,,,,,,"LCD_DATA02(ELCDIF,lcd_data,02)"
F23,LCD1_DATA01,X2A21,"GPIO3_IO06(GPIO3,gpio_io,06)",,,"LCD_DATA01(ELCDIF,lcd_data,01)",,"EIM_DATA01(EIM,eim_data,01)",,,,,"CSI_DATA21(CSI,csi_data,21)",,,,,,,"SRC_BOOT_CFG01(SRC,src_boot_cfg,01)","GPT1_COMPARE3(GPT1,gpt_compare,3)","ARM_PLATFORM_TRACE01(ARM_PLATFORM,arm_platform_trace,01)",,,,,,,,,,,,,,,,"LCD_DATA01(ELCDIF,lcd_data,01)"
G23,EPDC1_SDCE3,X2A50,"GPIO2_IO23(GPIO2,gpio_io,23)",,,"LCD_DATA22(ELCDIF,lcd_data,22)/LCD_DATA02(ELCDIF,lcd_data,02)","EPDC_SDCE3(EPDC,epdc_sdce,3)","EIM_ADDR17(EIM,eim_addr,17)",,"RGMII2_TD1(ENET2,rgmii_td,1)",,,,,"KEY_ROW6(KPP,key_row,6)",,"SIM2_PORT1_PD(SIM2,sim_port1_pd)",,,,,,,,,,,,,,,,,,,,,"RGMII2_TD1(ENET2,rgmii_td,1)"
H23,VSS33,,,,,,,,,,,,,,,,,,,,,,,,,,,,,,,,,,,,,
J23,EPDC1_GDCLK,X2A51,"GPIO2_IO24(GPIO2,gpio_io,24)",,,"LCD_DATA23(ELCDIF,lcd_data,23)/LCD_DATA16(ELCDIF,lcd_data,16)","EPDC_GDCLK(EPDC,epdc_gdclk)","EIM_ADDR18(EIM,eim_addr,18)",,"RGMII2_TD2(ENET2,rgmii_td,2)",,,,"FLEXTIMER2_CH0(FTM2,flextimer_ch,0)","KEY_COL7(KPP,key_col,7)",,,,,,,,,,,,,,,,,,,,,,,"RGMII2_TD2(ENET2,rgmii_td,2)"
K23,VDD_ARM13,,,,,,,,,,,,,,,,,,,,,,,,,,,,,,,,,,,,,
L23,EPDC1_BDR0,,"GPIO2_IO28(GPIO2,gpio_io,28)",,,"LCD_CS(ELCDIF,lcd_cs)/LCD_DATA07(ELCDIF,lcd_data,07)","EPDC_BDR0(EPDC,epdc_bdr,0)","EIM_ADDR22(EIM,eim_addr,22)",,"ENET2_TX_CLK(ENET2,enet_tx_clk)",,,,,,,,"CCM_ENET_REF_CLK2(CCM,ccm_enet_ref_clk,2)",,,,,,,,,,,,,,,,,,,,"GPIO2_IO28(GPIO2,gpio_io,28)"
M23,VSS39,,,,,,,,,,,,,,,,,,,,,,,,,,,,,,,,,,,,,
N23,EPDC1_DATA04,,"GPIO2_IO04(GPIO2,gpio_io,04)",,,"LCD_DATA04(ELCDIF,lcd_data,04)","EPDC_DATA04(EPDC,epdc_data,04)","EIM_AD04(EIM,eim_ad,04)",,,,,,,"KEY_ROW1(KPP,key_row,1)",,"SIM1_PORT2_PD(SIM1,sim_port2_pd)",,,,,,,,"QSPI_A_DQS(QSPI,qspi_a_dqs)",,,,,,,,,,,,,"GPIO2_IO04(GPIO2,gpio_io,04)"
P23,VDD_SOC13,,,,,,,,,,,,,,,,,,,,,,,,,,,,,,,,,,,,,
R23,VDD_SOC17,,,,,,,,,,,,,,,,,,,,,,,,,,,,,,,,,,,,,
T23,DRAM_DATA26,,,"DRAM_DATA26(MMDC,dram_data,26)",,,,,,,,,,,,,,,,,,,,,,,,,,,,,,,,,,"DRAM_DATA26(MMDC,dram_data,26)"
U23,VSS47,,,,,,,,,,,,,,,,,,,,,,,,,,,,,,,,,,,,,
V23,DRAM_DATA24,,,"DRAM_DATA24(MMDC,dram_data,24)",,,,,,,,,,,,,,,,,,,,,,,,,,,,,,,,,,"DRAM_DATA24(MMDC,dram_data,24)"
W23,NVCC_DRAM3,,,,,,,,,,,,,,,,,,,,,,,,,,,,,,,,,,,,,
Y23,DRAM_SDQS3_P,,,"DRAM_SDQS3_P(MMDC,dram_sdqs3_p)",,,,,,,,,,,,,,,,,,,,,,,,,,,,,,,,,,"DRAM_SDQS3_P(MMDC,dram_sdqs3_p)"
AA23,VSS55,,,,,,,,,,,,,,,,,,,,,,,,,,,,,,,,,,,,,
AB23,DRAM_SDCKE1,,,"DRAM_SDCKE1(MMDC,dram_sdcke,1)",,,,,,,,,,,,,,,,,,,,,,,,,,,,,,,,,,"DRAM_SDCKE1(MMDC,dram_sdcke,1)"
AC23,DRAM_CS1_B,,,"DRAM_CS1_B(MMDC,dram_cs1_b)",,,,,,,,,,,,,,,,,,,,,,,,,,,,,,,,,,"DRAM_CS1_B(MMDC,dram_cs1_b)"
AD23,DRAM_ADDR10,,,"DRAM_ADDR10(MMDC,dram_addr,10)",,,,,,,,,,,,,,,,,,,,,,,,,,,,,,,,,,"DRAM_ADDR10(MMDC,dram_addr,10)"
AE23,DRAM_ADDR05,,,"DRAM_ADDR05(MMDC,dram_addr,05)",,,,,,,,,,,,,,,,,,,,,,,,,,,,,,,,,,"DRAM_ADDR05(MMDC,dram_addr,05)"
AF23,DRAM_ADDR06,,,"DRAM_ADDR06(MMDC,dram_addr,06)",,,,,,,,,,,,,,,,,,,,,,,,,,,,,,,,,,"DRAM_ADDR06(MMDC,dram_addr,06)"
AG23,DRAM_SDQS0_N,,,"DRAM_SDQS0_N(MMDC,dram_sdqs0_n)",,,,,,,,,,,,,,,,,,,,,,,,,,,,,,,,,,"DRAM_SDQS0_N(MMDC,dram_sdqs0_n)"
A24,MIPI_DSI_CLK_P,X2A19,,,,,,,,,,,,,,,,,,,,,,,,,,,,,,,,,"MIPI_DSI_CLK_P(MIPI_DSI,mipi_dsi_clk_p)",,,"MIPI_DSI_CLK_P(MIPI_DSI,mipi_dsi_clk_p)"
B24,MIPI_DSI_CLK_N,X2A20,,,,,,,,,,,,,,,,,,,,,,,,,,,,,,,,,"MIPI_DSI_CLK_N(MIPI_DSI,mipi_dsi_clk_n)",,,"MIPI_DSI_CLK_N(MIPI_DSI,mipi_dsi_clk_n)"
C24,VSS13,,,,,,,,,,,,,,,,,,,,,,,,,,,,,,,,,,,,,
E24,VSS22,,,,,,,,,,,,,,,,,,,,,,,,,,,,,,,,,,,,,
F24,LCD1_VSYNC,X2A18,"GPIO3_IO03(GPIO3,gpio_io,03)",,"UART2_CTS_B(UART2,uart_cts_b)","LCD_VSYNC(ELCDIF,lcd_vsync)",,,,"ENET2_1588_EVENT3_IN(ENET2,enet_1588_event3_in)","ECSPI4_SS0(ECSPI4,ecspi_ss,0)",,"CSI_DATA19(CSI,csi_data,19)",,,,,,,,,,,,,,,,,,,,,,,,,"LCD_VSYNC(ELCDIF,lcd_vsync)"
G24,EPDC1_SDCLK,X2A39,"GPIO2_IO16(GPIO2,gpio_io,16)",,,"LCD_CLK(ELCDIF,lcd_clk)/LCD_DATA20(ELCDIF,lcd_data,20)","EPDC_SDCLK_P(EPDC,epdc_sdclk_p)","EIM_AD10(EIM,eim_ad,10)",,"RGMII2_RD0(ENET2,rgmii_rd,0)",,,,,"KEY_ROW4(KPP,key_row,4)",,"SIM2_PORT2_SVEN(SIM2,sim_port2_sven)",,,,,,,,,,,,,,,,,,,,,"RGMII2_RD0(ENET2,rgmii_rd,0)"
J24,EPDC1_SDCE1,X2A45,"GPIO2_IO21(GPIO2,gpio_io,21)",,,"LCD_DATA20(ELCDIF,lcd_data,20)/LCD_DATA04(ELCDIF,lcd_data,04)","EPDC_SDCE1(EPDC,epdc_sdce,1)","EIM_AD15(EIM,eim_ad,15)",,"RGMII2_RXC(ENET2,rgmii_rxc)/ENET2_RX_ER(ENET2,enet_rx_er)",,,,"FLEXTIMER1_CH3(FTM1,flextimer_ch,3)",,,,,,,,,,,,,,,,,,,,,,,,"RGMII2_RXC(ENET2,rgmii_rxc)"
L24,EPDC1_GDRL,X2A46,"GPIO2_IO26(GPIO2,gpio_io,26)",,,"LCD_RD_E(ELCDIF,lcd_rd_e)/LCD_DATA19(ELCDIF,lcd_data,19)","EPDC_GDRL(EPDC,epdc_gdrl)","EIM_ADDR20(EIM,eim_addr,20)",,"RGMII2_TX_CTL(ENET2,rgmii_tx_ctl)",,,,"FLEXTIMER2_CH2(FTM2,flextimer_ch,2)",,,,,,,,,,,,,,,,,,,,,,,,"RGMII2_TX_CTL(ENET2,rgmii_tx_ctl)"
N24,EPDC1_DATA11,X1A42,"GPIO2_IO11(GPIO2,gpio_io,11)",,"UART6_CTS_B(UART6,uart_cts_b)","LCD_DATA11(ELCDIF,lcd_data,11)/LCD_DATA01(ELCDIF,lcd_data,01)","EPDC_DATA11(EPDC,epdc_data,11)/EPDC_SDCE0(EPDC,epdc_sdce,0)","EIM_BCLK(EIM,eim_bclk)",,,,,,,,,"SIM1_PORT1_SVEN(SIM1,sim_port1_sven)",,,,,,,,"QSPI_B_DATA3(QSPI,qspi_b_data,3)",,,,,,,,,,,,,"GPIO2_IO11(GPIO2,gpio_io,11)"
T24,DRAM_DATA31,,,"DRAM_DATA31(MMDC,dram_data,31)",,,,,,,,,,,,,,,,,,,,,,,,,,,,,,,,,,"DRAM_DATA31(MMDC,dram_data,31)"
V24,DRAM_DATA28,,,"DRAM_DATA28(MMDC,dram_data,28)",,,,,,,,,,,,,,,,,,,,,,,,,,,,,,,,,,"DRAM_DATA28(MMDC,dram_data,28)"
Y24,DRAM_SDQS3_N,,,"DRAM_SDQS3_N(MMDC,dram_sdqs3_n)",,,,,,,,,,,,,,,,,,,,,,,,,,,,,,,,,,"DRAM_SDQS3_N(MMDC,dram_sdqs3_n)"
AB24,DRAM_ADDR04,,,"DRAM_ADDR04(MMDC,dram_addr,04)",,,,,,,,,,,,,,,,,,,,,,,,,,,,,,,,,,"DRAM_ADDR04(MMDC,dram_addr,04)"
AC24,DRAM_ADDR00,,,"DRAM_ADDR00(MMDC,dram_addr,00)",,,,,,,,,,,,,,,,,,,,,,,,,,,,,,,,,,"DRAM_ADDR00(MMDC,dram_addr,00)"
AD24,VSS66,,,,,,,,,,,,,,,,,,,,,,,,,,,,,,,,,,,,,
AF24,VSS80,,,,,,,,,,,,,,,,,,,,,,,,,,,,,,,,,,,,,
AG24,DRAM_SDQS0_P,,,"DRAM_SDQS0_P(MMDC,dram_sdqs0_p)",,,,,,,,,,,,,,,,,,,,,,,,,,,,,,,,,,"DRAM_SDQS0_P(MMDC,dram_sdqs0_p)"
AH24,DRAM_DQM0,,,"DRAM_DQM0(MMDC,dram_dqm,0)",,,,,,,,,,,,,,,,,,,,,,,,,,,,,,,,,,"DRAM_DQM0(MMDC,dram_dqm,0)"
A25,MIPI_DSI_D0_P,X2A17,,,,,,,,,,,,,,,,,,,,,,,,,,,,,,,,,"MIPI_DSI_D0_P(MIPI_DSI,mipi_dsi_d0_p)",,,"MIPI_DSI_D0_P(MIPI_DSI,mipi_dsi_d0_p)"
B25,MIPI_DSI_D0_N,X2A16,,,,,,,,,,,,,,,,,,,,,,,,,,,,,,,,,"MIPI_DSI_D0_N(MIPI_DSI,mipi_dsi_d0_n)",,,"MIPI_DSI_D0_N(MIPI_DSI,mipi_dsi_d0_n)"
C25,VSS14,,,,,,,,,,,,,,,,,,,,,,,,,,,,,,,,,,,,,
D25,LCD1_DATA23,X2A20,"GPIO3_IO28(GPIO3,gpio_io,28)",,,"LCD_DATA23(ELCDIF,lcd_data,23)",,"EIM_ADDR26(EIM,eim_addr,26)",,"ENET2_1588_EVENT3_OUT(ENET2,enet_1588_event3_out)",,,"CSI_DATA10(CSI,csi_data,10)","FLEXTIMER2_CH7(FTM2,flextimer_ch,7)",,"I2C4_SDA(I2C4,i2c_sda)",,,,,,,,,,,,,,,,,,,,,,"LCD_DATA23(ELCDIF,lcd_data,23)"
F25,LCD1_HSYNC,X2A17,"GPIO3_IO02(GPIO3,gpio_io,02)",,"UART2_RTS_B(UART2,uart_rts_b)","LCD_HSYNC(ELCDIF,lcd_hsync)",,,,"ENET2_1588_EVENT2_IN(ENET2,enet_1588_event2_in)","ECSPI4_SCLK(ECSPI4,ecspi_sclk)",,"CSI_DATA18(CSI,csi_data,18)",,,,,,,,,,,,,,,,,,,,,,,,,"LCD_HSYNC(ELCDIF,lcd_hsync)"
G25,EPDC1_SDOE,X2A41,"GPIO2_IO18(GPIO2,gpio_io,18)",,,"LCD_DATA17(ELCDIF,lcd_data,17)/LCD_DATA23(ELCDIF,lcd_data,23)","EPDC_SDOE(EPDC,epdc_sdoe)","EIM_AD12(EIM,eim_ad,12)",,"RGMII2_RD2(ENET2,rgmii_rd,2)",,,,"FLEXTIMER1_CH0(FTM1,flextimer_ch,0)","KEY_COL5(KPP,key_col,5)",,,,,,,,,,,,,,,,,,,,,,,"RGMII2_RD2(ENET2,rgmii_rd,2)"
H25,VSS34,,,,,,,,,,,,,,,,,,,,,,,,,,,,,,,,,,,,,
J25,EPDC1_SDCE0,X2A44,"GPIO2_IO20(GPIO2,gpio_io,20)",,,"LCD_DATA19(ELCDIF,lcd_data,19)/LCD_DATA05(ELCDIF,lcd_data,05)","EPDC_SDCE0(EPDC,epdc_sdce,0)","EIM_AD14(EIM,eim_ad,14)",,"RGMII2_RX_CTL(ENET2,rgmii_rx_ctl)",,,,"FLEXTIMER1_CH2(FTM1,flextimer_ch,2)",,,,,,,,,,,,,,,,,,,,,,,,"RGMII2_RX_CTL(ENET2,rgmii_rx_ctl)"
L25,EPDC1_DATA14,X1B3,"GPIO2_IO14(GPIO2,gpio_io,14)",,"UART7_RTS_B(UART7,uart_rts_b)","LCD_DATA14(ELCDIF,lcd_data,14)/LCD_DATA22(ELCDIF,lcd_data,22)","EPDC_DATA14(EPDC,epdc_data,14)/EPDC_GDSP(EPDC,epdc_gdsp)","EIM_EB0(EIM,eim_eb,0)",,,,,,,,,"SIM2_PORT1_CLK(SIM2,sim_port1_clk)",,,,,,,,"QSPI_B_SS0_B(QSPI,qspi_b_ss0_b)",,,,,,,,,,,,,"GPIO2_IO14(GPIO2,gpio_io,14)"
M25,VSS40,,,,,,,,,,,,,,,,,,,,,,,,,,,,,,,,,,,,,
N25,EPDC1_DATA10,X1A39,"GPIO2_IO10(GPIO2,gpio_io,10)",,"UART6_RTS_B(UART6,uart_rts_b)","LCD_DATA10(ELCDIF,lcd_data,10)/LCD_DATA09(ELCDIF,lcd_data,09)","EPDC_DATA10(EPDC,epdc_data,10)/EPDC_SDOE(EPDC,epdc_sdoe)","EIM_CS0(EIM,eim_cs,0)",,,,,,,,,"SIM1_PORT1_RST_B(SIM1,sim_port1_rst_b)",,,,,,,,"QSPI_B_DATA2(QSPI,qspi_b_data,2)",,,,,,,,,,,,,"GPIO2_IO10(GPIO2,gpio_io,10)"
T25,DRAM_DATA30,,,"DRAM_DATA30(MMDC,dram_data,30)",,,,,,,,,,,,,,,,,,,,,,,,,,,,,,,,,,"DRAM_DATA30(MMDC,dram_data,30)"
U25,VSS48,,,,,,,,,,,,,,,,,,,,,,,,,,,,,,,,,,,,,
V25,DRAM_DATA29,,,"DRAM_DATA29(MMDC,dram_data,29)",,,,,,,,,,,,,,,,,,,,,,,,,,,,,,,,,,"DRAM_DATA29(MMDC,dram_data,29)"
Y25,DRAM_DQM3,,,"DRAM_DQM3(MMDC,dram_dqm,3)",,,,,,,,,,,,,,,,,,,,,,,,,,,,,,,,,,"DRAM_DQM3(MMDC,dram_dqm,3)"
AA25,VSS56,,,,,,,,,,,,,,,,,,,,,,,,,,,,,,,,,,,,,
AB25,DRAM_ADDR03,,,"DRAM_ADDR03(MMDC,dram_addr,03)",,,,,,,,,,,,,,,,,,,,,,,,,,,,,,,,,,"DRAM_ADDR03(MMDC,dram_addr,03)"
AC25,DRAM_ADDR01,,,"DRAM_ADDR01(MMDC,dram_addr,01)",,,,,,,,,,,,,,,,,,,,,,,,,,,,,,,,,,"DRAM_ADDR01(MMDC,dram_addr,01)"
AE25,DRAM_SDCLK0_P,,,"DRAM_SDCLK0_P(MMDC,dram_sdclk0_p)",,,,,,,,,,,,,,,,,,,,,,,,,,,,,,,,,,"DRAM_SDCLK0_P(MMDC,dram_sdclk0_p)"
AF25,DRAM_SDCLK0_N,,,"DRAM_SDCLK0_N(MMDC,dram_sdclk0_n)",,,,,,,,,,,,,,,,,,,,,,,,,,,,,,,,,,"DRAM_SDCLK0_N(MMDC,dram_sdclk0_n)"
AG25,DRAM_CAS_B,,,"DRAM_CAS_B(MMDC,dram_cas_b)",,,,,,,,,,,,,,,,,,,,,,,,,,,,,,,,,,"DRAM_CAS_B(MMDC,dram_cas_b)"
AH25,DRAM_RAS_B,,,"DRAM_RAS_B(MMDC,dram_ras_b)",,,,,,,,,,,,,,,,,,,,,,,,,,,,,,,,,,"DRAM_RAS_B(MMDC,dram_ras_b)"
B26,VSS4,,,,,,,,,,,,,,,,,,,,,,,,,,,,,,,,,,,,,
C26,VSS15,,,,,,,,,,,,,,,,,,,,,,,,,,,,,,,,,,,,,
D26,LCD1_DATA17,X2A19,"GPIO3_IO22(GPIO3,gpio_io,22)",,,"LCD_DATA17(ELCDIF,lcd_data,17)",,"EIM_ACLK_FREERUN(EIM,eim_aclk_freerun)",,,,,"CSI_DATA00(CSI,csi_data,00)","FLEXTIMER1_CH5(FTM1,flextimer_ch,5)",,,,,,"SRC_BOOT_CFG17(SRC,src_boot_cfg,17)",,"ARM_PLATFORM_TRACE_CTL(ARM_PLATFORM,arm_platform_trace_ctl)",,,,,,,,,,,,,,,,"LCD_DATA17(ELCDIF,lcd_data,17)"
E26,VSS23,,,,,,,,,,,,,,,,,,,,,,,,,,,,,,,,,,,,,
F26,EPDC1_SDSHR,X2A42,"GPIO2_IO19(GPIO2,gpio_io,19)",,,"LCD_DATA18(ELCDIF,lcd_data,18)/LCD_DATA10(ELCDIF,lcd_data,10)","EPDC_SDSHR(EPDC,epdc_sdshr)","EIM_AD13(EIM,eim_ad,13)",,"RGMII2_RD3(ENET2,rgmii_rd,3)",,,,"FLEXTIMER1_CH1(FTM1,flextimer_ch,1)","KEY_ROW5(KPP,key_row,5)",,,,,,,,,,,,,,,,,,,,,,,"RGMII2_RD3(ENET2,rgmii_rd,3)"
G26,LCD1_DATA20,X2A13,"GPIO3_IO25(GPIO3,gpio_io,25)",,,"LCD_DATA20(ELCDIF,lcd_data,20)",,"EIM_ADDR23(EIM,eim_addr,23)",,"ENET1_1588_EVENT2_OUT(ENET1,enet_1588_event2_out)",,,"CSI_DATA13(CSI,csi_data,13)","FLEXTIMER2_CH4(FTM2,flextimer_ch,4)",,"I2C3_SCL(I2C3,i2c_scl)",,,,,,,,,,,,,,,,,,,,,,"LCD_DATA20(ELCDIF,lcd_data,20)"
H26,LCD1_DATA21,X2A2,"GPIO3_IO26(GPIO3,gpio_io,26)",,,"LCD_DATA21(ELCDIF,lcd_data,21)",,"EIM_ADDR24(EIM,eim_addr,24)",,"ENET1_1588_EVENT3_OUT(ENET1,enet_1588_event3_out)",,,"CSI_DATA12(CSI,csi_data,12)","FLEXTIMER2_CH5(FTM2,flextimer_ch,5)",,"I2C3_SDA(I2C3,i2c_sda)",,,,,,,,,,,,,,,,,,,,,,"LCD_DATA21(ELCDIF,lcd_data,21)"
J26,EPDC1_PWRSTAT,,"GPIO2_IO31(GPIO2,gpio_io,31)",,,"LCD_VSYNC(ELCDIF,lcd_vsync)/LCD_DATA12(ELCDIF,lcd_data,12)","EPDC_PWR_STAT(EPDC,epdc_pwr_stat)","EIM_EB1(EIM,eim_eb,1)",,"ENET2_COL(ENET2,enet_col)",,,,"FLEXTIMER2_PHB(FTM2,flextimer_phb)",,,,,,,,,,,,,,,,,,,,,,,,"GPIO2_IO31(GPIO2,gpio_io,31)"
K26,VDD_ARM14,,,,,,,,,,,,,,,,,,,,,,,,,,,,,,,,,,,,,
L26,EPDC1_DATA13,X1B2,"GPIO2_IO13(GPIO2,gpio_io,13)",,"UART7_TX_DATA(UART7,uart_tx_data)","LCD_DATA13(ELCDIF,lcd_data,13)/LCD_CS(ELCDIF,lcd_cs)","EPDC_DATA13(EPDC,epdc_data,13)/EPDC_GDOE(EPDC,epdc_gdoe)","EIM_WAIT(EIM,eim_wait)",,,,,,,,,"SIM2_PORT1_TRXD(SIM2,sim_port1_trxd)",,,,,,,,"QSPI_B_SCLK(QSPI,qspi_b_sclk)",,,,,,,,,,,,,"GPIO2_IO13(GPIO2,gpio_io,13)"
M26,EPDC1_DATA12,X1B1,"GPIO2_IO12(GPIO2,gpio_io,12)",,"UART7_RX_DATA(UART7,uart_rx_data)","LCD_DATA12(ELCDIF,lcd_data,12)/LCD_DATA21(ELCDIF,lcd_data,21)","EPDC_DATA12(EPDC,epdc_data,12)/EPDC_GDCLK(EPDC,epdc_gdclk)","EIM_LBA_B(EIM,eim_lba_b)",,,,,,,,,"SIM1_PORT1_PD(SIM1,sim_port1_pd)",,,,,,,,"QSPI_B_DQS(QSPI,qspi_b_dqs)",,,,,,,,,,,,,"GPIO2_IO12(GPIO2,gpio_io,12)"
N26,EPDC1_DATA09,X1A22,"GPIO2_IO09(GPIO2,gpio_io,09)",,"UART6_TX_DATA(UART6,uart_tx_data)","LCD_DATA09(ELCDIF,lcd_data,09)/LCD_DATA00(ELCDIF,lcd_data,00)","EPDC_DATA09(EPDC,epdc_data,09)/EPDC_SDLE(EPDC,epdc_sdle)","EIM_RW(EIM,eim_rw)",,,,,,,,,"SIM1_PORT1_CLK(SIM1,sim_port1_clk)",,,,,,,,"QSPI_B_DATA1(QSPI,qspi_b_data,1)",,,,,,,,,,,,,"UART6_TX_DATA(UART6,uart_tx_data)"
P26,VDD_SOC14,,,,,,,,,,,,,,,,,,,,,,,,,,,,,,,,,,,,,
R26,VDD_SOC18,,,,,,,,,,,,,,,,,,,,,,,,,,,,,,,,,,,,,
T26,EPDC1_DATA02,,"GPIO2_IO02(GPIO2,gpio_io,02)",,,"LCD_DATA02(ELCDIF,lcd_data,02)/LCD_VSYNC(ELCDIF,lcd_vsync)","EPDC_DATA02(EPDC,epdc_data,02)","EIM_AD02(EIM,eim_ad,02)",,,,,,,"KEY_ROW2(KPP,key_row,2)",,"SIM1_PORT2_RST_B(SIM1,sim_port2_rst_b)",,,,,,,,"QSPI_A_DATA2(QSPI,qspi_a_data,2)",,,,,,,,,,,,,"QSPI_A_DATA2(QSPI,qspi_a_data,2)"
U26,EPDC1_DATA01,,"GPIO2_IO01(GPIO2,gpio_io,01)",,,"LCD_DATA01(ELCDIF,lcd_data,01)/LCD_ENABLE(ELCDIF,lcd_enable)","EPDC_DATA01(EPDC,epdc_data,01)","EIM_AD01(EIM,eim_ad,01)",,,,,,,"KEY_COL3(KPP,key_col,3)",,"SIM1_PORT2_CLK(SIM1,sim_port2_clk)",,,,,,,,"QSPI_A_DATA1(QSPI,qspi_a_data,1)",,,,,,,,,,,,,"QSPI_A_DATA1(QSPI,qspi_a_data,1)"
V26,DRAM_RESET,,,"DRAM_RESET(MMDC,dram_reset)",,,,,,,,,,,,,,,,,,,,,,,,,,,,,,,,,,"DRAM_RESET(MMDC,dram_reset)"
W26,NVCC_DRAM4,,,,,,,,,,,,,,,,,,,,,,,,,,,,,,,,,,,,,
Y26,DRAM_DATA18,,,"DRAM_DATA18(MMDC,dram_data,18)",,,,,,,,,,,,,,,,,,,,,,,,,,,,,,,,,,"DRAM_DATA18(MMDC,dram_data,18)"
AA26,DRAM_DATA20,,,"DRAM_DATA20(MMDC,dram_data,20)",,,,,,,,,,,,,,,,,,,,,,,,,,,,,,,,,,"DRAM_DATA20(MMDC,dram_data,20)"
AB26,DRAM_DATA21,,,"DRAM_DATA21(MMDC,dram_data,21)",,,,,,,,,,,,,,,,,,,,,,,,,,,,,,,,,,"DRAM_DATA21(MMDC,dram_data,21)"
AC26,DRAM_ADDR02,,,"DRAM_ADDR02(MMDC,dram_addr,02)",,,,,,,,,,,,,,,,,,,,,,,,,,,,,,,,,,"DRAM_ADDR02(MMDC,dram_addr,02)"
AD26,VSS67,,,,,,,,,,,,,,,,,,,,,,,,,,,,,,,,,,,,,
AE26,DRAM_CS0_B,,,"DRAM_CS0_B(MMDC,dram_cs0_b)",,,,,,,,,,,,,,,,,,,,,,,,,,,,,,,,,,"DRAM_CS0_B(MMDC,dram_cs0_b)"
AF26,VSS81,,,,,,,,,,,,,,,,,,,,,,,,,,,,,,,,,,,,,
AG26,DRAM_ADDR15,,,"DRAM_ADDR15(MMDC,dram_addr,15)",,,,,,,,,,,,,,,,,,,,,,,,,,,,,,,,,,"DRAM_ADDR15(MMDC,dram_addr,15)"
A27,LCD1_DATA10,X2A15,"GPIO3_IO15(GPIO3,gpio_io,15)",,,"LCD_DATA10(ELCDIF,lcd_data,10)",,"EIM_DATA10(EIM,eim_data,10)",,,,,"CSI_DATA07(CSI,csi_data,07)",,,,,,,"SRC_BOOT_CFG10(SRC,src_boot_cfg,10)",,"ARM_PLATFORM_TRACE10(ARM_PLATFORM,arm_platform_trace,10)",,,,,,,,,,,,,,,,"LCD_DATA10(ELCDIF,lcd_data,10)"
B27,LCD1_DATA22,X2A22,"GPIO3_IO27(GPIO3,gpio_io,27)",,,"LCD_DATA22(ELCDIF,lcd_data,22)",,"EIM_ADDR25(EIM,eim_addr,25)",,"ENET2_1588_EVENT2_OUT(ENET2,enet_1588_event2_out)",,,"CSI_DATA11(CSI,csi_data,11)","FLEXTIMER2_CH6(FTM2,flextimer_ch,6)",,"I2C4_SCL(I2C4,i2c_scl)",,,,,,,,,,,,,,,,,,,,,,"LCD_DATA22(ELCDIF,lcd_data,22)"
C27,LCD1_DATA16,X2A12,"GPIO3_IO21(GPIO3,gpio_io,21)",,,"LCD_DATA16(ELCDIF,lcd_data,16)",,"EIM_CRE(EIM,eim_cre)",,,,,"CSI_DATA01(CSI,csi_data,01)","FLEXTIMER1_CH4(FTM1,flextimer_ch,4)",,,,,,"SRC_BOOT_CFG16(SRC,src_boot_cfg,16)",,"ARM_PLATFORM_TRACE_CLK(ARM_PLATFORM,arm_platform_trace_clk)",,,,,,,,,,,,,,,,"LCD_DATA16(ELCDIF,lcd_data,16)"
D27,LCD1_DATA18,X2A10,"GPIO3_IO23(GPIO3,gpio_io,23)",,,"LCD_DATA18(ELCDIF,lcd_data,18)",,"EIM_CS2(EIM,eim_cs,2)",,,,,"CSI_DATA15(CSI,csi_data,15)","FLEXTIMER1_CH6(FTM1,flextimer_ch,6)",,,,,,"SRC_BOOT_CFG18(SRC,src_boot_cfg,18)",,"ARM_PLATFORM_EVENTO(ARM_PLATFORM,arm_platform_evento)",,,,,,,,,,,,,,,,"LCD_DATA18(ELCDIF,lcd_data,18)"
E27,LCD1_DATA11,X2A7,"GPIO3_IO16(GPIO3,gpio_io,16)",,,"LCD_DATA11(ELCDIF,lcd_data,11)",,"EIM_DATA11(EIM,eim_data,11)",,,,,"CSI_DATA06(CSI,csi_data,06)",,,,,,,"SRC_BOOT_CFG11(SRC,src_boot_cfg,11)",,"ARM_PLATFORM_TRACE11(ARM_PLATFORM,arm_platform_trace,11)",,,,,,,,,,,,,,,,"LCD_DATA11(ELCDIF,lcd_data,11)"
F27,LCD1_DATA12,X2A5,"GPIO3_IO17(GPIO3,gpio_io,17)",,,"LCD_DATA12(ELCDIF,lcd_data,12)",,"EIM_DATA12(EIM,eim_data,12)",,,,,"CSI_DATA05(CSI,csi_data,05)",,,,,,,"SRC_BOOT_CFG12(SRC,src_boot_cfg,12)",,"ARM_PLATFORM_TRACE12(ARM_PLATFORM,arm_platform_trace,12)",,,,,,,,,,,,,,,,"LCD_DATA12(ELCDIF,lcd_data,12)"
G27,LCD1_DATA14,X2A3,"GPIO3_IO19(GPIO3,gpio_io,19)",,,"LCD_DATA14(ELCDIF,lcd_data,14)",,"EIM_DATA14(EIM,eim_data,14)",,,,,"CSI_DATA03(CSI,csi_data,03)",,,,,,,"SRC_BOOT_CFG14(SRC,src_boot_cfg,14)",,"ARM_PLATFORM_TRACE14(ARM_PLATFORM,arm_platform_trace,14)",,,,,,,,,,,,,,,,"LCD_DATA14(ELCDIF,lcd_data,14)"
J27,EPDC1_PWRCOM,X1A38,"GPIO2_IO30(GPIO2,gpio_io,30)",,,"LCD_HSYNC(ELCDIF,lcd_hsync)/LCD_DATA11(ELCDIF,lcd_data,11)","EPDC_PWR_COM(EPDC,epdc_pwr_com)","EIM_AD09(EIM,eim_ad,09)",,"ENET2_CRS(ENET2,enet_crs)",,,,"FLEXTIMER2_PHA(FTM2,flextimer_pha)",,,,,,,,,,,,,,,,,,,,,,,,"GPIO2_IO30(GPIO2,gpio_io,30)"
K27,EPDC1_GDSP,X2A47,"GPIO2_IO27(GPIO2,gpio_io,27)",,,"LCD_BUSY(ELCDIF,lcd_busy)/LCD_DATA17(ELCDIF,lcd_data,17)","EPDC_GDSP(EPDC,epdc_gdsp)","EIM_ADDR21(EIM,eim_addr,21)",,"RGMII2_TXC(ENET2,rgmii_txc)/ENET2_TX_ER(ENET2,enet_tx_er)",,,,"FLEXTIMER2_CH3(FTM2,flextimer_ch,3)",,,,,,,,,,,,,,,,,,,,,,,,"RGMII2_TXC(ENET2,rgmii_txc)"
L27,VDD_ARM15,,,,,,,,,,,,,,,,,,,,,,,,,,,,,,,,,,,,,
N27,EPDC1_DATA08,X1A21,"GPIO2_IO08(GPIO2,gpio_io,08)",,"UART6_RX_DATA(UART6,uart_rx_data)","LCD_DATA08(ELCDIF,lcd_data,08)/LCD_BUSY(ELCDIF,lcd_busy)","EPDC_DATA08(EPDC,epdc_data,08)/EPDC_SDCLK_P(EPDC,epdc_sdclk_p)","EIM_OE(EIM,eim_oe)",,,,,,,,,"SIM1_PORT1_TRXD(SIM1,sim_port1_trxd)",,,,,,,,"QSPI_B_DATA0(QSPI,qspi_b_data,0)",,,,,,,,,,,,,"UART6_RX_DATA(UART6,uart_rx_data)"
P27,EPDC1_DATA06,,"GPIO2_IO06(GPIO2,gpio_io,06)",,,"LCD_DATA06(ELCDIF,lcd_data,06)","EPDC_DATA06(EPDC,epdc_data,06)","EIM_AD06(EIM,eim_ad,06)",,,,,,,"KEY_ROW0(KPP,key_row,0)",,"SIM2_PORT2_CLK(SIM2,sim_port2_clk)",,,,,,,,"QSPI_A_SS0_B(QSPI,qspi_a_ss0_b)",,,,,,"JTAG_DE_B(SJC,jtag_de_b)",,,,,,,"QSPI_A_SS0_B(QSPI,qspi_a_ss0_b)"
R27,EPDC1_DATA03,,"GPIO2_IO03(GPIO2,gpio_io,03)",,,"LCD_DATA03(ELCDIF,lcd_data,03)/LCD_HSYNC(ELCDIF,lcd_hsync)","EPDC_DATA03(EPDC,epdc_data,03)","EIM_AD03(EIM,eim_ad,03)",,,,,,,"KEY_COL2(KPP,key_col,2)",,"SIM1_PORT2_SVEN(SIM1,sim_port2_sven)",,,,,,,,"QSPI_A_DATA3(QSPI,qspi_a_data,3)",,,,,,,,,,,,,"QSPI_A_DATA3(QSPI,qspi_a_data,3)"
T27,EPDC1_DATA00,,"GPIO2_IO00(GPIO2,gpio_io,00)",,,"LCD_DATA00(ELCDIF,lcd_data,00)/LCD_CLK(ELCDIF,lcd_clk)","EPDC_DATA00(EPDC,epdc_data,00)","EIM_AD00(EIM,eim_ad,00)",,,,,,,"KEY_ROW3(KPP,key_row,3)",,"SIM1_PORT2_TRXD(SIM1,sim_port2_trxd)",,,,,,,,"QSPI_A_DATA0(QSPI,qspi_a_data,0)",,,,,,,,,,,,,"QSPI_A_DATA0(QSPI,qspi_a_data,0)"
V27,NVCC_DRAM0,,,,,,,,,,,,,,,,,,,,,,,,,,,,,,,,,,,,,
W27,DRAM_DATA16,,,"DRAM_DATA16(MMDC,dram_data,16)",,,,,,,,,,,,,,,,,,,,,,,,,,,,,,,,,,"DRAM_DATA16(MMDC,dram_data,16)"
Y27,DRAM_DATA17,,,"DRAM_DATA17(MMDC,dram_data,17)",,,,,,,,,,,,,,,,,,,,,,,,,,,,,,,,,,"DRAM_DATA17(MMDC,dram_data,17)"
AB27,DRAM_DATA22,,,"DRAM_DATA22(MMDC,dram_data,22)",,,,,,,,,,,,,,,,,,,,,,,,,,,,,,,,,,"DRAM_DATA22(MMDC,dram_data,22)"
AC27,DRAM_SDQS2_P,,,"DRAM_SDQS2_P(MMDC,dram_sdqs2_p)",,,,,,,,,,,,,,,,,,,,,,,,,,,,,,,,,,"DRAM_SDQS2_P(MMDC,dram_sdqs2_p)"
AD27,DRAM_SDQS2_N,,,"DRAM_SDQS2_N(MMDC,dram_sdqs2_n)",,,,,,,,,,,,,,,,,,,,,,,,,,,,,,,,,,"DRAM_SDQS2_N(MMDC,dram_sdqs2_n)"
AE27,DRAM_ADDR12,,,"DRAM_ADDR12(MMDC,dram_addr,12)",,,,,,,,,,,,,,,,,,,,,,,,,,,,,,,,,,"DRAM_ADDR12(MMDC,dram_addr,12)"
AF27,DRAM_SDBA2,,,"DRAM_SDBA2(MMDC,dram_sdba,2)",,,,,,,,,,,,,,,,,,,,,,,,,,,,,,,,,,"DRAM_SDBA2(MMDC,dram_sdba,2)"
AG27,DRAM_ADDR11,,,"DRAM_ADDR11(MMDC,dram_addr,11)",,,,,,,,,,,,,,,,,,,,,,,,,,,,,,,,,,"DRAM_ADDR11(MMDC,dram_addr,11)"
AH27,DRAM_SDWE_B,,,"DRAM_SDWE_B(MMDC,dram_sdwe_b)",,,,,,,,,,,,,,,,,,,,,,,,,,,,,,,,,,"DRAM_SDWE_B(MMDC,dram_sdwe_b)"
A28,VSS1,,,,,,,,,,,,,,,,,,,,,,,,,,,,,,,,,,,,,
B28,LCD1_DATA15,X2A14,"GPIO3_IO20(GPIO3,gpio_io,20)",,,"LCD_DATA15(ELCDIF,lcd_data,15)",,"EIM_DATA15(EIM,eim_data,15)",,,,,"CSI_DATA02(CSI,csi_data,02)",,,,,,,"SRC_BOOT_CFG15(SRC,src_boot_cfg,15)",,"ARM_PLATFORM_TRACE15(ARM_PLATFORM,arm_platform_trace,15)",,,,,,,,,,,,,,,,"LCD_DATA15(ELCDIF,lcd_data,15)"
D28,LCD1_DATA19,X2A9,"GPIO3_IO24(GPIO3,gpio_io,24)",,,"LCD_DATA19(ELCDIF,lcd_data,19)",,"EIM_CS3(EIM,eim_cs,3)",,,,,"CSI_DATA14(CSI,csi_data,14)","FLEXTIMER1_CH7(FTM1,flextimer_ch,7)",,,,,,"SRC_BOOT_CFG19(SRC,src_boot_cfg,19)",,,,,,,,,,,,,,,,,,"LCD_DATA19(ELCDIF,lcd_data,19)"
E28,LCD1_DATA13,X2A8,"GPIO3_IO18(GPIO3,gpio_io,18)",,,"LCD_DATA13(ELCDIF,lcd_data,13)",,"EIM_DATA13(EIM,eim_data,13)",,,,,"CSI_DATA04(CSI,csi_data,04)",,,,,,,"SRC_BOOT_CFG13(SRC,src_boot_cfg,13)",,"ARM_PLATFORM_TRACE13(ARM_PLATFORM,arm_platform_trace,13)",,,,,,,,,,,,,,,,"LCD_DATA13(ELCDIF,lcd_data,13)"
G28,LCD1_ENABLE,X2A4,"GPIO3_IO01(GPIO3,gpio_io,01)",,"UART2_TX_DATA(UART2,uart_tx_data)","LCD_ENABLE(ELCDIF,lcd_enable)",,,,"ENET1_1588_EVENT3_IN(ENET1,enet_1588_event3_in)","ECSPI4_MOSI(ECSPI4,ecspi_mosi)",,"CSI_DATA17(CSI,csi_data,17)",,,,,,,,,,,,,,,,,,,,,,,,,"LCD_ENABLE(ELCDIF,lcd_enable)"
J28,EPDC1_SDLE,X2A40,"GPIO2_IO17(GPIO2,gpio_io,17)",,,"LCD_DATA16(ELCDIF,lcd_data,16)/LCD_DATA08(ELCDIF,lcd_data,08)","EPDC_SDLE(EPDC,epdc_sdle)","EIM_AD11(EIM,eim_ad,11)",,"RGMII2_RD1(ENET2,rgmii_rd,1)",,,,,"KEY_COL4(KPP,key_col,4)",,"SIM2_PORT2_PD(SIM2,sim_port2_pd)",,,,,,,,,,,,,,,,,,,,,"RGMII2_RD1(ENET2,rgmii_rd,1)"
L28,VDD_ARM16,,,,,,,,,,,,,,,,,,,,,,,,,,,,,,,,,,,,,
N28,EPDC1_DATA07,,"GPIO2_IO07(GPIO2,gpio_io,07)",,,"LCD_DATA07(ELCDIF,lcd_data,07)","EPDC_DATA07(EPDC,epdc_data,07)","EIM_AD07(EIM,eim_ad,07)",,,,,,,"KEY_COL0(KPP,key_col,0)",,"SIM2_PORT2_RST_B(SIM2,sim_port2_rst_b)",,,,,,,,"QSPI_A_SS1_B(QSPI,qspi_a_ss1_b)",,,,,,,,,,,,,"GPIO2_IO07(GPIO2,gpio_io,07)"
T28,EPDC1_DATA05,,"GPIO2_IO05(GPIO2,gpio_io,05)",,,"LCD_DATA05(ELCDIF,lcd_data,05)","EPDC_DATA05(EPDC,epdc_data,05)","EIM_AD05(EIM,eim_ad,05)",,,,,,,"KEY_COL1(KPP,key_col,1)",,"SIM2_PORT2_TRXD(SIM2,sim_port2_trxd)",,,,,,,,"QSPI_A_SCLK(QSPI,qspi_a_sclk)",,,,,,,,,,,,,"QSPI_A_SCLK(QSPI,qspi_a_sclk)"
V28,NVCC_DRAM1,,,,,,,,,,,,,,,,,,,,,,,,,,,,,,,,,,,,,
Y28,DRAM_DATA19,,,"DRAM_DATA19(MMDC,dram_data,19)",,,,,,,,,,,,,,,,,,,,,,,,,,,,,,,,,,"DRAM_DATA19(MMDC,dram_data,19)"
AB28,DRAM_DATA23,,,"DRAM_DATA23(MMDC,dram_data,23)",,,,,,,,,,,,,,,,,,,,,,,,,,,,,,,,,,"DRAM_DATA23(MMDC,dram_data,23)"
AD28,DRAM_DQM2,,,"DRAM_DQM2(MMDC,dram_dqm,2)",,,,,,,,,,,,,,,,,,,,,,,,,,,,,,,,,,"DRAM_DQM2(MMDC,dram_dqm,2)"
AE28,DRAM_SDBA0,,,"DRAM_SDBA0(MMDC,dram_sdba,0)",,,,,,,,,,,,,,,,,,,,,,,,,,,,,,,,,,"DRAM_SDBA0(MMDC,dram_sdba,0)"
AG28,DRAM_ADDR13,,,"DRAM_ADDR13(MMDC,dram_addr,13)",,,,,,,,,,,,,,,,,,,,,,,,,,,,,,,,,,"DRAM_ADDR13(MMDC,dram_addr,13)"
AH28,VSS84,,,,,,,,,,,,,,,,,,,,,,,,,,,,,,,,,,,,,
