CPU pin,SOM pin,SOM pin name,CPU pin name,default mux,GPIO,UART,EIM,USDHC,CSI,MMDC,ECSPI,ENET,SAI,SRC,LCDIF,GPT,I2C,PWM,KPP,SIM,RAWNAND,USB,CAN,QSPI,WDOG,SPDIF,SNVS,ADC,SJC,ADC2,CCM,MQS,SDMA,CSU,EPIT,others
N/A,1,GND,,,,,,,,,,,,,,,,,,,,,,,,,,,,,,,,,,
F2,2,X_CSI_VSYNC,CSI_VSYNC,"csi_VSYNC(CSI,csi_vsync)","gpio4_IO19(GPIO4,gpio_io,19)","uart6_RTS_B(UART6,uart_rts_b)/uart6_RTS_B(UART6,uart_cts_b)","eim_RW(EIM,eim_rw)","usdhc2_CLK(uSDHC2,usdhc_clk)","csi_VSYNC(CSI,csi_vsync)",,,,,,,,"i2c2_SDA(I2C2,i2c_sda)","pwm7_OUT(PWM7,pwm_out)",,"sim1_PORT1_CLK(SIM1,sim_port1_clk)",,,,,,,,,,,,,,,,
F3,3,X_CSI_HSYNC,CSI_HSYNC,"csi_HSYNC(CSI,csi_hsync)","gpio4_IO20(GPIO4,gpio_io,20)","uart6_CTS_B(UART6,uart_cts_b)/uart6_CTS_B(UART6,uart_rts_b)","eim_LBA_B(EIM,eim_lba_b)","usdhc2_CMD(uSDHC2,usdhc_cmd)","csi_HSYNC(CSI,csi_hsync)",,,,,,,,"i2c2_SCL(I2C2,i2c_scl)","pwm8_OUT(PWM8,pwm_out)",,"sim1_PORT1_PD(SIM1,sim_port1_pd)",,,,,,,,,,,,,,,,
E5,4,X_CSI_PIXCLK,CSI_PIXCLK,"csi_PIXCLK(CSI,csi_pixclk)","gpio4_IO18(GPIO4,gpio_io,18)","uart6_RX(UART6,uart_rx)/uart6_RX(UART6,uart_tx)","eim_OE(EIM,eim_oe)","usdhc2_WP(uSDHC2,usdhc_wp)","csi_PIXCLK(CSI,csi_pixclk)",,,,,,,,"i2c1_SCL(I2C1,i2c_scl)",,,,"rawnand_CE3_B(RAWNAND,rawnand_ce3_b)",,,,,,"snvs_hp_VIO_5(SNVS,snvs_hp_vio_5)",,,,,,,,,
F5,5,X_CSI_MCLK,CSI_MCLK,"csi_MCLK(CSI,csi_mclk)","gpio4_IO17(GPIO4,gpio_io,17)","uart6_TX(UART6,uart_tx)/uart6_TX(UART6,uart_rx)","eim_CS0_B(EIM,eim_cs_b,0)","usdhc2_CD_B(uSDHC2,usdhc_cd_b)","csi_MCLK(CSI,csi_mclk)",,,,,,,,"i2c1_SDA(I2C1,i2c_sda)",,,,"rawnand_CE2_B(RAWNAND,rawnand_ce2_b)",,,,,,"snvs_hp_VIO_5_CTL(SNVS,snvs_hp_vio_5_ctl)",,,,,,,,,
C1,6,X_SD1_CLK,SD1_CLK,"usdhc1_CLK(uSDHC1,usdhc_clk)","gpio2_IO17(GPIO2,gpio_io,17)",,"eim_ADDR20(EIM,eim_addr,20)","usdhc1_CLK(uSDHC1,usdhc_clk)",,,,,"sai2_MCLK(SAI2,sai_mclk)",,,"gpt2_COMPARE2(GPT2,gpt_compare,2)",,,,,,"usb_OTG1_OC(USB1,usb_otg1_oc)",,,,"spdif_IN(SPDIF,spdif_in)",,,,,,,,,,
C2,7,X_SD1_CMD,SD1_CMD,"usdhc1_CMD(uSDHC1,usdhc_cmd)","gpio2_IO16(GPIO2,gpio_io,16)",,"eim_ADDR19(EIM,eim_addr,19)","usdhc1_CMD(uSDHC1,usdhc_cmd)",,,,,"sai2_RX_SYNC(SAI2,sai_rx_sync)",,,"gpt2_COMPARE1(GPT2,gpt_compare,1)",,,,,,"usb_OTG1_PWR(USB1,usb_otg1_pwr)",,,,"spdif_OUT(SPDIF,spdif_out)",,,,,,,"sdma_EXT_EVENT0(SDMA,sdma_ext_event,0)",,,
B3,8,X_SD1_D0,SD1_DATA0,"usdhc1_DATA0(uSDHC1,usdhc_data,0)","gpio2_IO18(GPIO2,gpio_io,18)",,"eim_ADDR21(EIM,eim_addr,21)","usdhc1_DATA0(uSDHC1,usdhc_data,0)",,,,,"sai2_TX_SYNC(SAI2,sai_tx_sync)",,,"gpt2_COMPARE3(GPT2,gpt_compare,3)",,,,,,"usb_OTG1_ID(USB1,usb_otg1_id)","can1_TX(FLEXCAN1,can_tx)",,,,,,,,,,,,,
B2,9,X_SD1_D1,SD1_DATA1,"usdhc1_DATA1(uSDHC1,usdhc_data,1)","gpio2_IO19(GPIO2,gpio_io,19)",,"eim_ADDR22(EIM,eim_addr,22)","usdhc1_DATA1(uSDHC1,usdhc_data,1)",,,,,"sai2_TX_BCLK(SAI2,sai_tx_bclk)",,,"gpt2_CLK(GPT2,gpt_clk)",,,,,,"usb_OTG2_PWR(USB2,usb_otg2_pwr)","can1_RX(FLEXCAN1,can_rx)",,,,,,,,,,,,,
B1,10,X_SD1_D2,SD1_DATA2,"usdhc1_DATA2(uSDHC1,usdhc_data,2)","gpio2_IO20(GPIO2,gpio_io,20)",,"eim_ADDR23(EIM,eim_addr,23)","usdhc1_DATA2(uSDHC1,usdhc_data,2)",,,,,"sai2_RX_DATA(SAI2,sai_rx_data)",,,"gpt2_CAPTURE1(GPT2,gpt_capture,1)",,,,,,"usb_OTG2_OC(USB2,usb_otg2_oc)","can2_TX(FLEXCAN2,can_tx)",,,,,,,,"ccm_CLKO1(CCM,ccm_clko,1)",,,,,
A2,11,X_SD1_D3,SD1_DATA3,"usdhc1_DATA3(uSDHC1,usdhc_data,3)","gpio2_IO21(GPIO2,gpio_io,21)",,"eim_ADDR24(EIM,eim_addr,24)","usdhc1_DATA3(uSDHC1,usdhc_data,3)",,,,,"sai2_TX_DATA(SAI2,sai_tx_data)",,,"gpt2_CAPTURE2(GPT2,gpt_capture,2)",,,,,,"usb_OTG2_ID(USB2,usb_otg2_id)","can2_RX(FLEXCAN2,can_rx)",,,,,,,,"ccm_CLKO2(CCM,ccm_clko,2)",,,,,
N/A,12,X_ENET1_TX+,N/A,connect to phy,,,,,,,,,,,,,,,,,,,,,,,,,,,,,,,,
N/A,13,X_ENET1_TX-,N/A,connect to phy,,,,,,,,,,,,,,,,,,,,,,,,,,,,,,,,
N/A,14,X_ENET1_RX+,N/A,connect to phy,,,,,,,,,,,,,,,,,,,,,,,,,,,,,,,,
N/A,15,X_ENET1_RX-,N/A,connect to phy,,,,,,,,,,,,,,,,,,,,,,,,,,,,,,,,
N/A,16,X_ETH1_LED1,N/A,connect to phy,,,,,,,,,,,,,,,,,,,,,,,,,,,,,,,,
N/A,17,X_ETH1_LED0,N/A,connect to phy,,,,,,,,,,,,,,,,,,,,,,,,,,,,,,,,
K17,18,X_ENET_MDIO,GPIO1_IO06,"enet1_MDIO(ENET1,enet_mdio)","gpio1_IO6(GPIO1,gpio_io,6)","uart1_CTS_B(UART1,uart_cts_b)/uart1_CTS_B(UART1,uart_rts_b)",,"usdhc2_WP(uSDHC2,usdhc_wp)","csi_MCLK(CSI,csi_mclk)",,,"enet1_MDIO(ENET1,enet_mdio)/enet2_MDIO(ENET2,enet_mdio)",,,,,,,,,,,,,,,,"adc1_IN6(ADC1,adc_in6)",,"adc2_IN6(ADC2,adc_in6)","ccm_WAIT(CCM,ccm_wait)/ccm_REF_EN_B(CCM,ccm_ref_en_b)",,,,,
L16,19,X_ENET_MDC,GPIO1_IO07,"enet1_MDC(ENET1,enet_mdc)","gpio1_IO7(GPIO1,gpio_io,7)","uart1_RTS_B(UART1,uart_rts_b)/uart1_RTS_B(UART1,uart_cts_b)",,"usdhc2_CD_B(uSDHC2,usdhc_cd_b)","csi_PIXCLK(CSI,csi_pixclk)",,,"enet1_MDC(ENET1,enet_mdc)/enet2_MDC(ENET2,enet_mdc)",,,,,,,,,,,,,,,,"adc1_IN7(ADC1,adc_in7)",,"adc2_IN7(ADC2,adc_in7)","ccm_STOP(CCM,ccm_stop)",,,,,
B8,20,X_LCD_ENABLE,LCD_ENABLE,"lcdif_ENABLE(LCDIF,lcdif_enable)","gpio3_IO1(GPIO3,gpio_io,1)","uart4_RX(UART4,uart_rx)/uart4_RX(UART4,uart_tx)","eim_CS3_B(EIM,eim_cs_b,3)",,,,"ecspi2_RDY(ECSPI2,ecspi_rdy)",,"sai3_TX_SYNC(SAI3,sai_tx_sync)",,"lcdif_ENABLE(LCDIF,lcdif_enable)/lcdif_RD_E(LCDIF,lcdif_rd_e)",,,,,,,,,,,,,,,,,,,,,
A8,21,X_LCD_CLK,LCD_CLK,"lcdif_CLK(LCDIF,lcdif_clk)","gpio3_IO0(GPIO3,gpio_io,0)","uart4_TX(UART4,uart_tx)/uart4_TX(UART4,uart_rx)","eim_CS2_B(EIM,eim_cs_b,2)",,,,,,"sai3_MCLK(SAI3,sai_mclk)",,"lcdif_CLK(LCDIF,lcdif_clk)/lcdif_WR_RWN(LCDIF,lcdif_wr_rwn)",,,,,,,,,,"wdog1_WDOG_RST_B_DEB(WDOG1,wdog_rst_b_deb)",,,,,,,,,,,
C9,22,X_LCD_VSYNC,LCD_VSYNC,"lcdif_VSYNC(LCDIF,lcdif_vsync)","gpio3_IO3(GPIO3,gpio_io,3)","uart4_RTS_B(UART4,uart_rts_b)/uart4_RTS_B(UART4,uart_cts_b)",,,,,"ecspi2_SS2(ECSPI2,ecspi_ss,2)",,"sai3_RX_DATA(SAI3,sai_rx_data)",,"lcdif_VSYNC(LCDIF,lcdif_vsync)/lcdif_BUSY(LCDIF,lcdif_busy)",,,,,,,,,,"wdog2_WDOG_B(WDOG2,wdog_wdog_b)",,,,,,,,,,,
E9,23,X_LCD_RESET,LCD_RESET,"lcdif_RESET(LCDIF,lcdif_reset)","gpio3_IO4(GPIO3,gpio_io,4)",,,,,,"ecspi2_SS3(ECSPI2,ecspi_ss,3)",,"sai3_TX_DATA(SAI3,sai_tx_data)",,"lcdif_RESET(LCDIF,lcdif_reset)/lcdif_CS(LCDIF,lcdif_cs)",,,,,,,,,,"wdog1_WDOG_ANY(WDOG1,wdog_wdog_any)",,,,,,,,,,,"ca7_mx6ul_EVENTI(CA7_MX6UL,ca7_mx6ul_eventi)"
D9,24,X_LCD_HSYNC,LCD_HSYNC,"lcdif_HSYNC(LCDIF,lcdif_hsync)","gpio3_IO2(GPIO3,gpio_io,2)","uart4_CTS_B(UART4,uart_cts_b)/uart4_CTS_B(UART4,uart_rts_b)",,,,,"ecspi2_SS1(ECSPI2,ecspi_ss,1)",,"sai3_TX_BCLK(SAI3,sai_tx_bclk)",,"lcdif_HSYNC(LCDIF,lcdif_hsync)/lcdif_RS(LCDIF,lcdif_rs)",,,,,,,,,,"wdog3_WDOG_RST_B_DEB(WDOG3,wdog_rst_b_deb)",,,,,,,,,,,
B9,25,X_LCD_D0,LCD_DATA00,"lcdif_DATA0(LCDIF,lcdif_data,0)","gpio3_IO5(GPIO3,gpio_io,5)",,,,,,,"enet1_1588_EVENT2_IN(ENET1,enet_1588_event2_in)","sai1_MCLK(SAI1,sai_mclk)","src_BT_CFG0(SRC,src_bt_cfg,0)","lcdif_DATA0(LCDIF,lcdif_data,0)",,"i2c3_SDA(I2C3,i2c_sda)","pwm1_OUT(PWM1,pwm_out)",,,,,,,,,,,,,,,,,,
A9,26,X_LCD_D1,LCD_DATA01,"lcdif_DATA1(LCDIF,lcdif_data,1)","gpio3_IO6(GPIO3,gpio_io,6)",,,,,,,"enet1_1588_EVENT2_OUT(ENET1,enet_1588_event2_out)","sai1_TX_SYNC(SAI1,sai_tx_sync)","src_BT_CFG1(SRC,src_bt_cfg,1)","lcdif_DATA1(LCDIF,lcdif_data,1)",,"i2c3_SCL(I2C3,i2c_scl)","pwm2_OUT(PWM2,pwm_out)",,,,,,,,,,,,,,,,,,
E10,27,X_LCD_D2,LCD_DATA02,"lcdif_DATA2(LCDIF,lcdif_data,2)","gpio3_IO7(GPIO3,gpio_io,7)",,,,,,,"enet1_1588_EVENT3_IN(ENET1,enet_1588_event3_in)","sai1_TX_BCLK(SAI1,sai_tx_bclk)","src_BT_CFG2(SRC,src_bt_cfg,2)","lcdif_DATA2(LCDIF,lcdif_data,2)",,"i2c4_SDA(I2C4,i2c_sda)","pwm3_OUT(PWM3,pwm_out)",,,,,,,,,,,,,,,,,,
D10,28,X_LCD_D3,LCD_DATA03,"lcdif_DATA3(LCDIF,lcdif_data,3)","gpio3_IO8(GPIO3,gpio_io,8)",,,,,,,"enet1_1588_EVENT3_OUT(ENET1,enet_1588_event3_out)","sai1_RX_DATA(SAI1,sai_rx_data)","src_BT_CFG3(SRC,src_bt_cfg,3)","lcdif_DATA3(LCDIF,lcdif_data,3)",,"i2c4_SCL(I2C4,i2c_scl)","pwm4_OUT(PWM4,pwm_out)",,,,,,,,,,,,,,,,,,
C10,29,X_LCD_D4,LCD_DATA04,"lcdif_DATA4(LCDIF,lcdif_data,4)","gpio3_IO9(GPIO3,gpio_io,9)","uart8_CTS_B(UART8,uart_cts_b)/uart8_CTS_B(UART8,uart_rts_b)",,,,,,"enet2_1588_EVENT2_IN(ENET2,enet_1588_event2_in)","sai1_TX_DATA(SAI1,sai_tx_data)","src_BT_CFG4(SRC,src_bt_cfg,4)","lcdif_DATA4(LCDIF,lcdif_data,4)",,,,,,,,,,,"spdif_SR_CLK(SPDIF,spdif_sr_clk)",,,,,,,,,,
B10,30,X_LCD_D5,LCD_DATA05,"lcdif_DATA5(LCDIF,lcdif_data,5)","gpio3_IO10(GPIO3,gpio_io,10)","uart8_RTS_B(UART8,uart_rts_b)/uart8_RTS_B(UART8,uart_cts_b)",,,,,"ecspi1_SS1(ECSPI1,ecspi_ss,1)","enet2_1588_EVENT2_OUT(ENET2,enet_1588_event2_out)",,"src_BT_CFG5(SRC,src_bt_cfg,5)","lcdif_DATA5(LCDIF,lcdif_data,5)",,,,,,,,,,,"spdif_OUT(SPDIF,spdif_out)",,,,,,,,,,
A10,31,X_LCD_D6,LCD_DATA06,"lcdif_DATA6(LCDIF,lcdif_data,6)","gpio3_IO11(GPIO3,gpio_io,11)","uart7_CTS_B(UART7,uart_cts_b)/uart7_CTS_B(UART7,uart_rts_b)",,,,,"ecspi1_SS2(ECSPI1,ecspi_ss,2)","enet2_1588_EVENT3_IN(ENET2,enet_1588_event3_in)",,"src_BT_CFG6(SRC,src_bt_cfg,6)","lcdif_DATA6(LCDIF,lcdif_data,6)",,,,,,,,,,,"spdif_LOCK(SPDIF,spdif_lock)",,,,,,,,,,
N/A,32,GND,,,,,,,,,,,,,,,,,,,,,,,,,,,,,,,,,,
D11,33,X_LCD_D7,LCD_DATA07,"lcdif_DATA7(LCDIF,lcdif_data,7)","gpio3_IO12(GPIO3,gpio_io,12)","uart7_RTS_B(UART7,uart_rts_b)/uart7_RTS_B(UART7,uart_cts_b)",,,,,"ecspi1_SS3(ECSPI1,ecspi_ss,3)","enet2_1588_EVENT3_OUT(ENET2,enet_1588_event3_out)",,"src_BT_CFG7(SRC,src_bt_cfg,7)","lcdif_DATA7(LCDIF,lcdif_data,7)",,,,,,,,,,,"spdif_EXT_CLK(SPDIF,spdif_ext_clk)",,,,,,,,,,
B11,34,X_LCD_D8,LCD_DATA08,"lcdif_DATA8(LCDIF,lcdif_data,8)","gpio3_IO13(GPIO3,gpio_io,13)",,"eim_DATA0(EIM,eim_data,0)",,"csi_DATA16(CSI,csi_data,16)",,,,,"src_BT_CFG8(SRC,src_bt_cfg,8)","lcdif_DATA8(LCDIF,lcdif_data,8)",,,,,,,,"can1_TX(FLEXCAN1,can_tx)",,,"spdif_IN(SPDIF,spdif_in)",,,,,,,,,,
A11,35,X_LCD_D9,LCD_DATA09,"lcdif_DATA9(LCDIF,lcdif_data,9)","gpio3_IO14(GPIO3,gpio_io,14)",,"eim_DATA1(EIM,eim_data,1)",,"csi_DATA17(CSI,csi_data,17)",,,,"sai3_MCLK(SAI3,sai_mclk)","src_BT_CFG9(SRC,src_bt_cfg,9)","lcdif_DATA9(LCDIF,lcdif_data,9)",,,,,,,,"can1_RX(FLEXCAN1,can_rx)",,,,,,,,,,,,,
E12,36,X_LCD_D10,LCD_DATA10,"lcdif_DATA10(LCDIF,lcdif_data,10)","gpio3_IO15(GPIO3,gpio_io,15)",,"eim_DATA2(EIM,eim_data,2)",,"csi_DATA18(CSI,csi_data,18)",,,,"sai3_RX_SYNC(SAI3,sai_rx_sync)","src_BT_CFG10(SRC,src_bt_cfg,10)","lcdif_DATA10(LCDIF,lcdif_data,10)",,,,,,,,"can2_TX(FLEXCAN2,can_tx)",,,,,,,,,,,,,
D12,37,X_LCD_D11,LCD_DATA11,"lcdif_DATA11(LCDIF,lcdif_data,11)","gpio3_IO16(GPIO3,gpio_io,16)",,"eim_DATA3(EIM,eim_data,3)",,"csi_DATA19(CSI,csi_data,19)",,,,"sai3_RX_BCLK(SAI3,sai_rx_bclk)","src_BT_CFG11(SRC,src_bt_cfg,11)","lcdif_DATA11(LCDIF,lcdif_data,11)",,,,,,,,"can2_RX(FLEXCAN2,can_rx)",,,,,,,,,,,,,
C12,38,X_LCD_D12,LCD_DATA12,"lcdif_DATA12(LCDIF,lcdif_data,12)","gpio3_IO17(GPIO3,gpio_io,17)",,"eim_DATA4(EIM,eim_data,4)",,"csi_DATA20(CSI,csi_data,20)",,"ecspi1_RDY(ECSPI1,ecspi_rdy)",,"sai3_TX_SYNC(SAI3,sai_tx_sync)","src_BT_CFG12(SRC,src_bt_cfg,12)","lcdif_DATA12(LCDIF,lcdif_data,12)",,,,,,,,,,,,,,,,,,,,,
B12,39,X_LCD_D13,LCD_DATA13,"lcdif_DATA13(LCDIF,lcdif_data,13)","gpio3_IO18(GPIO3,gpio_io,18)",,"eim_DATA5(EIM,eim_data,5)","usdhc2_RESET_B(uSDHC2,usdhc_reset_b)","csi_DATA21(CSI,csi_data,21)",,,,"sai3_TX_BCLK(SAI3,sai_tx_bclk)","src_BT_CFG13(SRC,src_bt_cfg,13)","lcdif_DATA13(LCDIF,lcdif_data,13)",,,,,,,,,,,,,,,,,,,,,
A12,40,X_LCD_D14,LCD_DATA14,"lcdif_DATA14(LCDIF,lcdif_data,14)","gpio3_IO19(GPIO3,gpio_io,19)",,"eim_DATA6(EIM,eim_data,6)","usdhc2_DATA4(uSDHC2,usdhc_data,4)","csi_DATA22(CSI,csi_data,22)",,,,"sai3_RX_DATA(SAI3,sai_rx_data)","src_BT_CFG14(SRC,src_bt_cfg,14)","lcdif_DATA14(LCDIF,lcdif_data,14)",,,,,,,,,,,,,,,,,,,,,
D13,41,X_LCD_D15,LCD_DATA15,"lcdif_DATA15(LCDIF,lcdif_data,15)","gpio3_IO20(GPIO3,gpio_io,20)",,"eim_DATA7(EIM,eim_data,7)","usdhc2_DATA5(uSDHC2,usdhc_data,5)","csi_DATA23(CSI,csi_data,23)",,,,"sai3_TX_DATA(SAI3,sai_tx_data)","src_BT_CFG15(SRC,src_bt_cfg,15)","lcdif_DATA15(LCDIF,lcdif_data,15)",,,,,,,,,,,,,,,,,,,,,
C13,42,X_LCD_D16,LCD_DATA16,"lcdif_DATA16(LCDIF,lcdif_data,16)","gpio3_IO21(GPIO3,gpio_io,21)","uart7_TX(UART7,uart_tx)/uart7_TX(UART7,uart_rx)","eim_DATA8(EIM,eim_data,8)","usdhc2_DATA6(uSDHC2,usdhc_data,6)","csi_DATA1(CSI,csi_data,1)",,,,,"src_BT_CFG24(SRC,src_bt_cfg,24)","lcdif_DATA16(LCDIF,lcdif_data,16)",,,,,,,,,,,,,,,,,,,,,
B13,43,X_LCD_D17,LCD_DATA17,"lcdif_DATA17(LCDIF,lcdif_data,17)","gpio3_IO22(GPIO3,gpio_io,22)","uart7_RX(UART7,uart_rx)/uart7_RX(UART7,uart_tx)","eim_DATA9(EIM,eim_data,9)","usdhc2_DATA7(uSDHC2,usdhc_data,7)","csi_DATA0(CSI,csi_data,0)",,,,,"src_BT_CFG25(SRC,src_bt_cfg,25)","lcdif_DATA17(LCDIF,lcdif_data,17)",,,,,,,,,,,,,,,,,,,,,
A13,44,X_LCD_D18,LCD_DATA18,"lcdif_DATA18(LCDIF,lcdif_data,18)","gpio3_IO23(GPIO3,gpio_io,23)",,"eim_DATA10(EIM,eim_data,10)","usdhc2_CMD(uSDHC2,usdhc_cmd)","csi_DATA10(CSI,csi_data,10)",,,,,"src_BT_CFG26(SRC,src_bt_cfg,26)","lcdif_DATA18(LCDIF,lcdif_data,18)",,,"pwm5_OUT(PWM5,pwm_out)",,,,,,,,,,,,,,,,,,"ca7_mx6ul_EVENTO(CA7_MX6UL,ca7_mx6ul_evento)"
D14,45,X_LCD_D19,LCD_DATA19,"lcdif_DATA19(LCDIF,lcdif_data,19)","gpio3_IO24(GPIO3,gpio_io,24)",,"eim_DATA11(EIM,eim_data,11)","usdhc2_CLK(uSDHC2,usdhc_clk)","csi_DATA11(CSI,csi_data,11)",,,,,"src_BT_CFG27(SRC,src_bt_cfg,27)","lcdif_DATA19(LCDIF,lcdif_data,19)",,,"pwm6_OUT(PWM6,pwm_out)",,,,,,,"wdog1_WDOG_ANY(WDOG1,wdog_wdog_any)",,,,,,,,,,,
C14,46,X_LCD_D20,LCD_DATA20,"lcdif_DATA20(LCDIF,lcdif_data,20)","gpio3_IO25(GPIO3,gpio_io,25)","uart8_TX(UART8,uart_tx)/uart8_TX(UART8,uart_rx)","eim_DATA12(EIM,eim_data,12)","usdhc2_DATA0(uSDHC2,usdhc_data,0)","csi_DATA12(CSI,csi_data,12)",,"ecspi1_SCLK(ECSPI1,ecspi_sclk)",,,"src_BT_CFG28(SRC,src_bt_cfg,28)","lcdif_DATA20(LCDIF,lcdif_data,20)",,,,,,,,,,,,,,,,,,,,,
B14,47,X_LCD_D21,LCD_DATA21,"lcdif_DATA21(LCDIF,lcdif_data,21)","gpio3_IO26(GPIO3,gpio_io,26)","uart8_RX(UART8,uart_rx)/uart8_RX(UART8,uart_tx)","eim_DATA13(EIM,eim_data,13)","usdhc2_DATA1(uSDHC2,usdhc_data,1)","csi_DATA13(CSI,csi_data,13)",,"ecspi1_SS0(ECSPI1,ecspi_ss,0)",,,"src_BT_CFG29(SRC,src_bt_cfg,29)","lcdif_DATA21(LCDIF,lcdif_data,21)",,,,,,,,,,,,,,,,,,,,,
A14,48,X_LCD_D22,LCD_DATA22,"lcdif_DATA22(LCDIF,lcdif_data,22)","gpio3_IO27(GPIO3,gpio_io,27)",,"eim_DATA14(EIM,eim_data,14)","usdhc2_DATA2(uSDHC2,usdhc_data,2)","csi_DATA14(CSI,csi_data,14)",,"ecspi1_MOSI(ECSPI1,ecspi_mosi)",,,"src_BT_CFG30(SRC,src_bt_cfg,30)","lcdif_DATA22(LCDIF,lcdif_data,22)",,,,,,,,,,,,,,,,,"mqs_RIGHT(MQS,mqs_right)",,,,
B16,49,X_LCD_D23,LCD_DATA23,"lcdif_DATA23(LCDIF,lcdif_data,23)","gpio3_IO28(GPIO3,gpio_io,28)",,"eim_DATA15(EIM,eim_data,15)","usdhc2_DATA3(uSDHC2,usdhc_data,3)","csi_DATA15(CSI,csi_data,15)",,"ecspi1_MISO(ECSPI1,ecspi_miso)",,,"src_BT_CFG31(SRC,src_bt_cfg,31)","lcdif_DATA23(LCDIF,lcdif_data,23)",,,,,,,,,,,,,,,,,"mqs_LEFT(MQS,mqs_left)",,,,
E6,50,X_CSI_FIELD,NAND_DQS,"csi_FIELD(CSI,csi_field)","gpio4_IO16(GPIO4,gpio_io,16)",,"eim_WAIT(EIM,eim_wait)",,"csi_FIELD(CSI,csi_field)",,,,,,,,,"pwm5_OUT(PWM5,pwm_out)",,,"rawnand_DQS(RAWNAND,rawnand_dqs)",,,"qspi_A_SS0_B(QSPI,qspi_a_ss0_b)",,"spdif_EXT_CLK(SPDIF,spdif_ext_clk)",,,,,,,"sdma_EXT_EVENT1(SDMA,sdma_ext_event,1)",,,
R6,51,X_GPIO5_9,SNVS_TAMPER9,"gpio5_IO9(GPIO5,gpio_io,9)","gpio5_IO9(GPIO5,gpio_io,9)",,,,,,,,,,,,,,,,,,,,,,"snvs_TAMPER9(SNVS,snvs_tamper,9)",,,,,,,,,
A15,52,X_ENET2_TX_D0,ENET2_TX_DATA0,"enet2_TDATA0(ENET2,enet_tdata,0)","gpio2_IO11(GPIO2,gpio_io,11)","uart7_RX(UART7,uart_rx)/uart7_RX(UART7,uart_tx)","eim_EB_B2(EIM,eim_eb_b,2)",,,,,"enet2_TDATA0(ENET2,enet_tdata,0)",,,,,"i2c4_SDA(I2C4,i2c_sda)",,"kpp_COL5(KPP,kpp_col,5)","sim1_PORT0_SVEN(SIM1,sim_port0_sven)",,,,,,,,,,,,,,,,
A16,53,X_ENET2_TX_D1,ENET2_TX_DATA1,"enet2_TDATA1(ENET2,enet_tdata,1)","gpio2_IO12(GPIO2,gpio_io,12)","uart8_TX(UART8,uart_tx)/uart8_TX(UART8,uart_rx)","eim_EB_B3(EIM,eim_eb_b,3)",,,,"ecspi4_SCLK(ECSPI4,ecspi_sclk)","enet2_TDATA1(ENET2,enet_tdata,1)",,,,,,,"kpp_ROW6(KPP,kpp_row,6)","sim2_PORT0_TRXD(SIM2,sim_port0_trxd)",,"usb_OTG2_PWR(USB2,usb_otg2_pwr)",,,,,,,,,,,,,,
B15,54,X_ENET2_TX_EN,ENET2_TX_EN,"enet2_TX_EN(ENET2,enet_tx_en)","gpio2_IO13(GPIO2,gpio_io,13)","uart8_RX(UART8,uart_rx)/uart8_RX(UART8,uart_tx)","eim_ACLK_FREERUN(EIM,eim_aclk_freerun)",,,,"ecspi4_MOSI(ECSPI4,ecspi_mosi)","enet2_TX_EN(ENET2,enet_tx_en)",,,,,,,"kpp_COL6(KPP,kpp_col,6)","sim2_PORT0_CLK(SIM2,sim_port0_clk)",,"usb_OTG2_OC(USB2,usb_otg2_oc)",,,,,,,,,,,,,,
D17,55,X_ENET2_TX_CLK,ENET2_TX_CLK,"enet2_TX_CLK(ENET2,enet_tx_clk)","gpio2_IO14(GPIO2,gpio_io,14)","uart8_CTS_B(UART8,uart_cts_b)/uart8_CTS_B(UART8,uart_rts_b)",,,,,"ecspi4_MISO(ECSPI4,ecspi_miso)","enet2_TX_CLK(ENET2,enet_tx_clk)/enet2_REF_CLK2(ENET2,enet_ref_clk,2)",,,,,,,"kpp_ROW7(KPP,kpp_row,7)","sim2_PORT0_RST_B(SIM2,sim_port0_rst_b)",,"usb_OTG2_ID(USB2,usb_otg2_id)",,,,,,,,,,,,,,
C17,56,X_ENET2_RX_D0,ENET2_RX_DATA0,"enet2_RDATA0(ENET2,enet_rdata,0)","gpio2_IO8(GPIO2,gpio_io,8)","uart6_TX(UART6,uart_tx)/uart6_TX(UART6,uart_rx)",,,,,,"enet2_RDATA0(ENET2,enet_rdata,0)/enet1_MDIO(ENET1,enet_mdio)",,,,,"i2c3_SCL(I2C3,i2c_scl)",,"kpp_ROW4(KPP,kpp_row,4)","sim1_PORT0_TRXD(SIM1,sim_port0_trxd)",,"usb_OTG1_PWR(USB1,usb_otg1_pwr)",,,,,,,,,,,,,,
C16,57,X_ENET2_RX_D1,ENET2_RX_DATA1,"enet2_RDATA1(ENET2,enet_rdata,1)","gpio2_IO9(GPIO2,gpio_io,9)","uart6_RX(UART6,uart_rx)/uart6_RX(UART6,uart_tx)",,,,,,"enet2_RDATA1(ENET2,enet_rdata,1)/enet1_MDC(ENET1,enet_mdc)",,,,,"i2c3_SDA(I2C3,i2c_sda)",,"kpp_COL4(KPP,kpp_col,4)","sim1_PORT0_CLK(SIM1,sim_port0_clk)",,"usb_OTG1_OC(USB1,usb_otg1_oc)",,,,,,,,,,,,,,
D16,58,X_ENET2_RX_ER,ENET2_RX_ER,"enet2_RX_ER(ENET2,enet_rx_er)","gpio2_IO15(GPIO2,gpio_io,15)","uart8_RTS_B(UART8,uart_rts_b)/uart8_RTS_B(UART8,uart_cts_b)","eim_ADDR25(EIM,eim_addr,25)",,,,"ecspi4_SS0(ECSPI4,ecspi_ss,0)","enet2_RX_ER(ENET2,enet_rx_er)",,,,,,,"kpp_COL7(KPP,kpp_col,7)","sim2_PORT0_SVEN(SIM2,sim_port0_sven)",,,,,"wdog1_WDOG_ANY(WDOG1,wdog_wdog_any)",,,,,,,,,,,
B17,59,X_ENET2_RX_EN,ENET2_RX_EN,"enet2_RX_EN(ENET2,enet_rx_en)","gpio2_IO10(GPIO2,gpio_io,10)","uart7_TX(UART7,uart_tx)/uart7_TX(UART7,uart_rx)","eim_ADDR26(EIM,eim_addr,26)",,,,,"enet2_RX_EN(ENET2,enet_rx_en)/enet1_REF_CLK_25M(ENET1,enet_ref_clk_25m)",,,,,"i2c4_SCL(I2C4,i2c_scl)",,"kpp_ROW5(KPP,kpp_row,5)","sim1_PORT0_RST_B(SIM1,sim_port0_rst_b)",,,,,,,,,,,,,,,,
G17,60,X_I2C1_SCL,UART4_TX_DATA,"i2c1_SCL(I2C1,i2c_scl)","gpio1_IO28(GPIO1,gpio_io,28)","uart4_TX(UART4,uart_tx)/uart4_TX(UART4,uart_rx)",,,"csi_DATA12(CSI,csi_data,12)",,"ecspi2_SCLK(ECSPI2,ecspi_sclk)","enet2_TDATA2(ENET2,enet_tdata,2)",,,,,"i2c1_SCL(I2C1,i2c_scl)",,,,,,,,,,,,,,,,,"csu_CSU_ALARM_AUT2(CSU,csu_csu_alarm_aut,2)",,
G16,61,X_I2C1_SDA,UART4_RX_DATA,"i2c1_SDA(I2C1,i2c_sda)","gpio1_IO29(GPIO1,gpio_io,29)","uart4_RX(UART4,uart_rx)/uart4_RX(UART4,uart_tx)",,,"csi_DATA13(CSI,csi_data,13)",,"ecspi2_SS0(ECSPI2,ecspi_ss,0)","enet2_TDATA3(ENET2,enet_tdata,3)",,,,,"i2c1_SDA(I2C1,i2c_sda)",,,,,,,,,,,,,,,,,"csu_CSU_ALARM_AUT1(CSU,csu_csu_alarm_aut,1)",,
N/A,62,GND,,,,,,,,,,,,,,,,,,,,,,,,,,,,,,,,,,
F17,63,X_UART5_TX_DATA,UART5_TX_DATA,"uart5_TX(UART5,uart_tx)","gpio1_IO30(GPIO1,gpio_io,30)","uart5_TX(UART5,uart_tx)/uart5_TX(UART5,uart_rx)",,,"csi_DATA14(CSI,csi_data,14)",,"ecspi2_MOSI(ECSPI2,ecspi_mosi)","enet2_CRS(ENET2,enet_crs)",,,,,"i2c2_SCL(I2C2,i2c_scl)",,,,,,,,,,,,,,,,,"csu_CSU_ALARM_AUT0(CSU,csu_csu_alarm_aut,0)",,
G13,64,X_UART5_RX_DATA,UART5_RX_DATA,"uart5_RX(UART5,uart_rx)","gpio1_IO31(GPIO1,gpio_io,31)","uart5_RX(UART5,uart_rx)/uart5_RX(UART5,uart_tx)",,,"csi_DATA15(CSI,csi_data,15)",,"ecspi2_MISO(ECSPI2,ecspi_miso)","enet2_COL(ENET2,enet_col)",,,,,"i2c2_SDA(I2C2,i2c_sda)",,,,,,,,,,,,,,,,,"csu_CSU_INT_DEB(CSU,csu_csu_int_deb)",,
T15,65,X_USB_OTG1_D-,USB_OTG1_DN,,,,,,,,,,,,,,,,,,,,,,,,,,,,,,,,,
U15,66,X_USB_OTG1_D+,USB_OTG1_DP,,,,,,,,,,,,,,,,,,,,,,,,,,,,,,,,,
T12,67,X_USB_OTG1_VBUS,USB_OTG1_VBUS,,,,,,,,,,,,,,,,,,,,,,,,,,,,,,,,,
U16,68,X_USB_OTG1_CHD_B,USB_OTG1_CHD_B,,,,,,,,,,,,,,,,,,,,,,,,,,,,,,,,,
T13,69,X_USB_OTG2_D-,USB_OTG2_DN,,,,,,,,,,,,,,,,,,,,,,,,,,,,,,,,,
U13,70,X_USB_OTG2_D+,USB_OTG2_DP,,,,,,,,,,,,,,,,,,,,,,,,,,,,,,,,,
U12,71,X_USB_OTG2_VBUS,USB_OTG2_VBUS,,,,,,,,,,,,,,,,,,,,,,,,,,,,,,,,,
P17,72,X_CCM_CLK1_P,CCM_CLK1_P,,,,,,,,,,,,,,,,,,,,,,,,,,,,,,,,,
P16,73,X_CCM_CLK1_N,CCM_CLK1_N,,,,,,,,,,,,,,,,,,,,,,,,,,,,,,,,,
N17,74,X_UART5_RTS_B,GPIO1_IO08,"uart5_RTS_B(UART5,uart_rts_b)","gpio1_IO8(GPIO1,gpio_io,8)","uart5_RTS_B(UART5,uart_rts_b)/uart5_RTS_B(UART5,uart_cts_b)",,"usdhc2_VSELECT(uSDHC2,usdhc_vselect)","csi_VSYNC(CSI,csi_vsync)",,,,,,,,,"pwm1_OUT(PWM1,pwm_out)",,,,,,,"wdog1_WDOG_B(WDOG1,wdog_wdog_b)","spdif_OUT(SPDIF,spdif_out)",,"adc1_IN8(ADC1,adc_in8)",,"adc2_IN8(ADC2,adc_in8)","ccm_PMIC_RDY(CCM,ccm_pmic_rdy)",,,,,
M15,75,X_UART5_CTS_B,GPIO1_IO09,"uart5_CTS_B(UART5,uart_cts_b)","gpio1_IO9(GPIO1,gpio_io,9)","uart5_CTS_B(UART5,uart_cts_b)/uart5_CTS_B(UART5,uart_rts_b)",,"usdhc2_RESET_B(uSDHC2,usdhc_reset_b)/usdhc1_RESET_B(uSDHC1,usdhc_reset_b)","csi_HSYNC(CSI,csi_hsync)",,,,,,,,,"pwm2_OUT(PWM2,pwm_out)",,,,,,,"wdog1_WDOG_ANY(WDOG1,wdog_wdog_any)","spdif_IN(SPDIF,spdif_in)",,"adc1_IN9(ADC1,adc_in9)",,"adc2_IN9(ADC2,adc_in9)",,,,,,
M17,76,X_USB_OTG2_ID,GPIO1_IO05,"usb_OTG2_ID(USB2,usb_otg2_id)","gpio1_IO5(GPIO1,gpio_io,5)","uart5_RX(UART5,uart_rx)/uart5_RX(UART5,uart_tx)",,"usdhc1_VSELECT(uSDHC1,usdhc_vselect)","csi_FIELD(CSI,csi_field)",,,"enet2_REF_CLK2(ENET2,enet_ref_clk,2)/enet2_1588_EVENT0_OUT(ENET2,enet_1588_event0_out)",,,,,,"pwm4_OUT(PWM4,pwm_out)",,,,"usb_OTG2_ID(USB2,usb_otg2_id)",,,,,,"adc1_IN5(ADC1,adc_in5)",,"adc2_IN5(ADC2,adc_in5)",,,,,,
M16,77,X_PWM3_OUT,GPIO1_IO04,"pwm3_OUT(PWM3,pwm_out)","gpio1_IO4(GPIO1,gpio_io,4)","uart5_TX(UART5,uart_tx)/uart5_TX(UART5,uart_rx)",,"usdhc1_RESET_B(uSDHC1,usdhc_reset_b)",,,,"enet1_REF_CLK1(ENET1,enet_ref_clk,1)/enet2_1588_EVENT0_IN(ENET2,enet_1588_event0_in)",,,,,,"pwm3_OUT(PWM3,pwm_out)",,,,"usb_OTG1_PWR(USB1,usb_otg1_pwr)",,,,,,"adc1_IN4(ADC1,adc_in4)",,"adc2_IN4(ADC2,adc_in4)",,,,,,
L17,78,X_GPIO1_3,GPIO1_IO03,"gpio1_IO3(GPIO1,gpio_io,3)","gpio1_IO3(GPIO1,gpio_io,3)","uart1_RX(UART1,uart_rx)/uart1_RX(UART1,uart_tx)",,"usdhc1_CD_B(uSDHC1,usdhc_cd_b)",,,,,,"src_TESTER_ACK(SRC,src_tester_ack)",,"gpt1_COMPARE3(GPT1,gpt_compare,3)","i2c1_SDA(I2C1,i2c_sda)",,,,,"usb_OTG2_OC(USB2,usb_otg2_oc)",,,,,,"adc1_IN3(ADC1,adc_in3)",,"adc2_IN3(ADC2,adc_in3)","ccm_DI0_EXT_CLK(CCM,ccm_di0_ext_clk)",,,,,
N16,79,X_JTAG_TDI/SAI2_TX_BCLK,JTAG_TDI,"sai2_TX_BCLK(SAI2,sai_tx_bclk)","gpio1_IO13(GPIO1,gpio_io,13)",,,,,,,,"sai2_TX_BCLK(SAI2,sai_tx_bclk)",,,"gpt2_COMPARE1(GPT2,gpt_compare,1)",,"pwm6_OUT(PWM6,pwm_out)",,"sim1_power_fail(SIM1,sim_power_fail)",,,,,,,,,"sjc_TDI(SJC,sjc_tdi)",,,"mqs_LEFT(MQS,mqs_left)",,,,
M14,80,X_JTAG_TCK/SAI2_RXD,JTAG_TCK,"sai2_RX_DATA(SAI2,sai_rx_data)","gpio1_IO14(GPIO1,gpio_io,14)",,,,,,,,"sai2_RX_DATA(SAI2,sai_rx_data)",,,"gpt2_COMPARE2(GPT2,gpt_compare,2)",,"pwm7_OUT(PWM7,pwm_out)",,"sim2_power_fail(SIM2,sim_power_fail)",,,,,,,,,"sjc_TCK(SJC,sjc_tck)",,,,,,,
P15,81,X_JTAG_MOD,JTAG_MOD,"sjc_MOD(SJC,sjc_mod)","gpio1_IO10(GPIO1,gpio_io,10)",,,,,,,"enet1_REF_CLK_25M(ENET1,enet_ref_clk_25m)",,,,"gpt2_CLK(GPT2,gpt_clk)",,,,,,,,,,"spdif_OUT(SPDIF,spdif_out)",,,"sjc_MOD(SJC,sjc_mod)",,"ccm_PMIC_RDY(CCM,ccm_pmic_rdy)",,"sdma_EXT_EVENT0(SDMA,sdma_ext_event,0)",,,
N15,82,X_JTAG_TDO/SAI2_TX_SYNC,JTAG_TDO,"sai2_TX_SYNC(SAI2,sai_tx_sync)","gpio1_IO12(GPIO1,gpio_io,12)",,,,,,,,"sai2_TX_SYNC(SAI2,sai_tx_sync)",,,"gpt2_CAPTURE2(GPT2,gpt_capture,2)",,,,,,,,,,,,,"sjc_TDO(SJC,sjc_tdo)",,"ccm_CLKO2(CCM,ccm_clko,2)/ccm_STOP(CCM,ccm_stop)","mqs_RIGHT(MQS,mqs_right)",,,"epit2_OUT(EPIT2,epit_out)",
P14,83,X_JTAG_TMS/SAI2_MCLK,JTAG_TMS,"sai2_MCLK(SAI2,sai_mclk)","gpio1_IO11(GPIO1,gpio_io,11)",,,,,,,,"sai2_MCLK(SAI2,sai_mclk)",,,"gpt2_CAPTURE1(GPT2,gpt_capture,1)",,,,,,,,,,,,,"sjc_TMS(SJC,sjc_tms)",,"ccm_CLKO1(CCM,ccm_clko,1)/ccm_WAIT(CCM,ccm_wait)",,"sdma_EXT_EVENT1(SDMA,sdma_ext_event,1)",,"epit1_OUT(EPIT1,epit_out)",
N14,84,X_JTAG_TRST_B/SAI2_TXD,JTAG_TRST_B,"sai2_TX_DATA(SAI2,sai_tx_data)","gpio1_IO15(GPIO1,gpio_io,15)",,,,,,,,"sai2_TX_DATA(SAI2,sai_tx_data)",,,"gpt2_COMPARE3(GPT2,gpt_compare,3)",,"pwm8_OUT(PWM8,pwm_out)",,,,,,,,,,,"sjc_TRSTB(SJC,sjc_trstb)",,,,,,,"caam_RNG_OSC_OBS(CAAM,caam_rng_osc_obs)"
P10,85,X_GPIO5_3,SNVS_TAMPER3,"gpio5_IO3(GPIO5,gpio_io,3)","gpio5_IO3(GPIO5,gpio_io,3)",,,,,,,,,,,,,,,,,,,,,,"snvs_TAMPER3(SNVS,snvs_tamper,3)",,,,,,,,,
P11,86,X_GPIO5_2,SNVS_TAMPER2,"gpio5_IO2(GPIO5,gpio_io,2)","gpio5_IO2(GPIO5,gpio_io,2)",,,,,,,,,,,,,,,,,,,,,,"snvs_TAMPER2(SNVS,snvs_tamper,2)",,,,,,,,,
R9,87,X_GPIO5_1,SNVS_TAMPER1,"gpio5_IO1(GPIO5,gpio_io,1)","gpio5_IO1(GPIO5,gpio_io,1)",,,,,,,,,,,,,,,,,,,,,,"snvs_TAMPER1(SNVS,snvs_tamper,1)",,,,,,,,,
R10,88,X_GPIO5_0,SNVS_TAMPER0,"gpio5_IO0(GPIO5,gpio_io,0)","gpio5_IO0(GPIO5,gpio_io,0)",,,,,,,,,,,,,,,,,,,,,,"snvs_TAMPER0(SNVS,snvs_tamper,0)",,,,,,,,,
N/A,89,GND,,,,,,,,,,,,,,,,,,,,,,,,,,,,,,,,,,
N/A,90,VDD_3V3,,,,,,,,,,,,,,,,,,,,,,,,,,,,,,,,,,
N/A,91,VDD_3V3,,,,,,,,,,,,,,,,,,,,,,,,,,,,,,,,,,
N/A,92,VDD_3V3,,,,,,,,,,,,,,,,,,,,,,,,,,,,,,,,,,
N/A,93,VDD_3V3,,,,,,,,,,,,,,,,,,,,,,,,,,,,,,,,,,
N/A,94,VDD_SNVS,,,,,,,,,,,,,,,,,,,,,,,,,,,,,,,,,,
N8,95,X_GPIO5_5,SNVS_TAMPER5,"gpio5_IO5(GPIO5,gpio_io,5)","gpio5_IO5(GPIO5,gpio_io,5)",,,,,,,,,,,,,,,,,,,,,,"snvs_TAMPER5(SNVS,snvs_tamper,5)",,,,,,,,,
L15,96,X_GPIO1_1,GPIO1_IO01,"gpio1_IO1(GPIO1,gpio_io,1)","gpio1_IO1(GPIO1,gpio_io,1)",,,,,,,"enet2_REF_CLK2(ENET2,enet_ref_clk,2)/enet1_1588_EVENT0_OUT(ENET1,enet_1588_event0_out)",,"src_EARLY_RESET(SRC,src_early_reset)",,"gpt1_COMPARE1(GPT1,gpt_compare,1)","i2c2_SDA(I2C2,i2c_sda)",,,,,"usb_OTG1_OC(USB1,usb_otg1_oc)",,,"wdog1_WDOG_B(WDOG1,wdog_wdog_b)",,,"adc1_IN1(ADC1,adc_in1)",,"adc2_IN1(ADC2,adc_in1)",,"mqs_LEFT(MQS,mqs_left)",,,,
K13,97,X_USB_OTG1_ID,GPIO1_IO00,"usb_OTG1_ID(USB1,usb_otg1_id)","gpio1_IO0(GPIO1,gpio_io,0)",,,,,,,"enet1_REF_CLK1(ENET1,enet_ref_clk,1)/enet1_1588_EVENT0_IN(ENET1,enet_1588_event0_in)",,"src_SYSTEM_RESET(SRC,src_system_reset)",,"gpt1_CAPTURE1(GPT1,gpt_capture,1)","i2c2_SCL(I2C2,i2c_scl)",,,,,"usb_OTG1_ID(USB1,usb_otg1_id)",,,"wdog3_WDOG_B(WDOG3,wdog_wdog_b)",,,"adc1_IN0(ADC1,adc_in0)",,"adc2_IN0(ADC2,adc_in0)",,"mqs_RIGHT(MQS,mqs_right)",,,,
P8,98,X_nRESET_OUT,POR_B,"src_POR_B(SRC,src_por_b)",,,,,,,,,,"src_POR_B(SRC,src_por_b)",,,,,,,,,,,,,,,,,,,,,,
R8,99,X_ONOFF,ONOFF,"src_RESET_B(SRC,src_reset_b)",,,,,,,,,,"src_RESET_B(SRC,src_reset_b)",,,,,,,,,,,,,,,,,,,,,,
,100,X_nRESET_IN,,,,,,,,,,,,,,,,,,,,,,,,,,,,,,,,,,
T9,101,X_SNVS_PMIC_ON_REQ,SNVS_PMIC_ON_REQ,"snvs_PMIC_ON_REQ(SNVS,snvs_pmic_on_req)",,,,,,,,,,,,,,,,,,,,,,,"snvs_PMIC_ON_REQ(SNVS,snvs_pmic_on_req)",,,,,,,,,
U9,102,X_PMIC_STBY_REQ,CCM_PMIC_STBY_REQ,"ccm_PMIC_STBY_REQ(CCM,ccm_pmic_stby_req)",,,,,,,,,,,,,,,,,,,,,,,,,,,"ccm_PMIC_STBY_REQ(CCM,ccm_pmic_stby_req)",,,,,
U10,103,X_BOOT_MODE1,BOOT_MODE1,"src_BOOT_MODE1(SRC,src_boot_mode,1)","gpio5_IO11(GPIO5,gpio_io,11)",,,,,,,,,"src_BOOT_MODE1(SRC,src_boot_mode,1)",,,,,,,,,,,,,,,,,,,,,,
T10,104,X_BOOT_MODE0,BOOT_MODE0,"src_BOOT_MODE0(SRC,src_boot_mode,0)","gpio5_IO10(GPIO5,gpio_io,10)",,,,,,,,,"src_BOOT_MODE0(SRC,src_boot_mode,0)",,,,,,,,,,,,,,,,,,,,,,
K16,105,X_UART1_RX_DATA,UART1_RX_DATA,"uart1_RX(UART1,uart_rx)","gpio1_IO17(GPIO1,gpio_io,17)","uart1_RX(UART1,uart_rx)/uart1_RX(UART1,uart_tx)",,,"csi_DATA3(CSI,csi_data,3)",,,"enet1_RDATA3(ENET1,enet_rdata,3)",,,,"gpt1_CLK(GPT1,gpt_clk)","i2c3_SDA(I2C3,i2c_sda)",,,,,,,,,"spdif_IN(SPDIF,spdif_in)",,,,,,,,,,
K15,106,X_GPIO1_18,UART1_CTS_B,"gpio1_IO18(GPIO1,gpio_io,18)","gpio1_IO18(GPIO1,gpio_io,18)","uart1_CTS_B(UART1,uart_cts_b)/uart1_CTS_B(UART1,uart_rts_b)",,"usdhc1_WP(uSDHC1,usdhc_wp)/usdhc2_WP(uSDHC2,usdhc_wp)","csi_DATA4(CSI,csi_data,4)",,,"enet1_RX_CLK(ENET1,enet_rx_clk)/enet2_1588_EVENT1_IN(ENET2,enet_1588_event1_in)",,,,,,,,,,,,,,,,,,,,,,,,
K14,107,X_UART1_TX_DATA,UART1_TX_DATA,"uart1_TX(UART1,uart_tx)","gpio1_IO16(GPIO1,gpio_io,16)","uart1_TX(UART1,uart_tx)/uart1_TX(UART1,uart_rx)",,,"csi_DATA2(CSI,csi_data,2)",,,"enet1_RDATA2(ENET1,enet_rdata,2)",,,,"gpt1_COMPARE1(GPT1,gpt_compare,1)","i2c3_SCL(I2C3,i2c_scl)",,,,,,,,,"spdif_OUT(SPDIF,spdif_out)",,,,,,,,,,
J14,108,X_nSD1_CD,UART1_RTS_B,"usdhc1_CD_B(uSDHC1,usdhc_cd_b)","gpio1_IO19(GPIO1,gpio_io,19)","uart1_RTS_B(UART1,uart_rts_b)/uart1_RTS_B(UART1,uart_cts_b)",,"usdhc1_CD_B(uSDHC1,usdhc_cd_b)/usdhc2_CD_B(uSDHC2,usdhc_cd_b)","csi_DATA5(CSI,csi_data,5)",,,"enet1_TX_ER(ENET1,enet_tx_er)/enet2_1588_EVENT1_OUT(ENET2,enet_1588_event1_out)",,,,,,,,,,,,,,,,,,,,,,,,
J16,109,X_ECSPI3_CLK,UART2_RX_DATA,"ecspi3_SCLK(ECSPI3,ecspi_sclk)","gpio1_IO21(GPIO1,gpio_io,21)","uart2_RX(UART2,uart_rx)/uart2_RX(UART2,uart_tx)",,,"csi_DATA7(CSI,csi_data,7)",,"ecspi3_SCLK(ECSPI3,ecspi_sclk)","enet1_TDATA3(ENET1,enet_tdata,3)",,,,"gpt1_CAPTURE2(GPT1,gpt_capture,2)","i2c4_SDA(I2C4,i2c_sda)",,,,,,,,,,,,"sjc_DONE(SJC,sjc_done)",,,,,,,
J15,110,X_ECSPI3_MOSI,UART2_CTS_B,"ecspi3_MOSI(ECSPI3,ecspi_mosi)","gpio1_IO22(GPIO1,gpio_io,22)","uart2_CTS_B(UART2,uart_cts_b)/uart2_CTS_B(UART2,uart_rts_b)",,,"csi_DATA8(CSI,csi_data,8)",,"ecspi3_MOSI(ECSPI3,ecspi_mosi)","enet1_CRS(ENET1,enet_crs)",,,,"gpt1_COMPARE2(GPT1,gpt_compare,2)",,,,,,,"can2_TX(FLEXCAN2,can_tx)",,,,,,"sjc_DE_B(SJC,sjc_de_b)",,,,,,,
J17,111,X_ECSPI3_SS0,UART2_TX_DATA,"ecspi3_SS0(ECSPI3,ecspi_ss,0)","gpio1_IO20(GPIO1,gpio_io,20)","uart2_TX(UART2,uart_tx)/uart2_TX(UART2,uart_rx)",,,"csi_DATA6(CSI,csi_data,6)",,"ecspi3_SS0(ECSPI3,ecspi_ss,0)","enet1_TDATA2(ENET1,enet_tdata,2)",,,,"gpt1_CAPTURE1(GPT1,gpt_capture,1)","i2c4_SCL(I2C4,i2c_scl)",,,,,,,,,,,,,,,,,,,
H14,112,X_ECSPI3_MISO,UART2_RTS_B,"ecspi3_MISO(ECSPI3,ecspi_miso)","gpio1_IO23(GPIO1,gpio_io,23)","uart2_RTS_B(UART2,uart_rts_b)/uart2_RTS_B(UART2,uart_cts_b)",,,"csi_DATA9(CSI,csi_data,9)",,"ecspi3_MISO(ECSPI3,ecspi_miso)","enet1_COL(ENET1,enet_col)",,,,"gpt1_COMPARE3(GPT1,gpt_compare,3)",,,,,,,"can2_RX(FLEXCAN2,can_rx)",,,,,,"sjc_FAIL(SJC,sjc_fail)",,,,,,,
G14,113,X_FLEXCAN1_RX,UART3_RTS_B,"can1_RX(FLEXCAN1,can_rx)","gpio1_IO27(GPIO1,gpio_io,27)","uart3_RTS_B(UART3,uart_rts_b)/uart3_RTS_B(UART3,uart_cts_b)",,,"csi_DATA11(CSI,csi_data,11)",,,"enet2_TX_ER(ENET2,enet_tx_er)/enet1_1588_EVENT1_OUT(ENET1,enet_1588_event1_out)",,,,,,,,,,,"can1_RX(FLEXCAN1,can_rx)",,"wdog1_WDOG_B(WDOG1,wdog_wdog_b)",,,,,,,,,,,
H15,114,X_FLEXCAN1_TX,UART3_CTS_B,"can1_TX(FLEXCAN1,can_tx)","gpio1_IO26(GPIO1,gpio_io,26)","uart3_CTS_B(UART3,uart_cts_b)/uart3_CTS_B(UART3,uart_rts_b)",,,"csi_DATA10(CSI,csi_data,10)",,,"enet2_RX_CLK(ENET2,enet_rx_clk)/enet1_1588_EVENT1_IN(ENET1,enet_1588_event1_in)",,,,,,,,,,,"can1_TX(FLEXCAN1,can_tx)",,,,,,,,,,,,"epit2_OUT(EPIT2,epit_out)",
H16,115,X_CSI_D0,UART3_RX_DATA,"csi_DATA0(CSI,csi_data,0)","gpio1_IO25(GPIO1,gpio_io,25)","uart3_RX(UART3,uart_rx)/uart3_RX(UART3,uart_tx)/uart2_RTS_B(UART2,uart_rts_b)/uart2_RTS_B(UART2,uart_cts_b)",,,"csi_DATA0(CSI,csi_data,0)",,,"enet2_RDATA3(ENET2,enet_rdata,3)",,,,,,,,"sim2_PORT0_PD(SIM2,sim_port0_pd)",,,,,,,,,,,,,,,"epit1_OUT(EPIT1,epit_out)",
H17,116,X_CSI_D1,UART3_TX_DATA,"csi_DATA1(CSI,csi_data,1)","gpio1_IO24(GPIO1,gpio_io,24)","uart3_TX(UART3,uart_tx)/uart3_TX(UART3,uart_rx)/uart2_CTS_B(UART2,uart_cts_b)/uart2_CTS_B(UART2,uart_rts_b)",,,"csi_DATA1(CSI,csi_data,1)",,,"enet2_RDATA2(ENET2,enet_rdata,2)",,,,,,,,"sim1_PORT0_PD(SIM1,sim_port0_pd)",,"usb_OTG1_ID(USB1,usb_otg1_id)",,,,,,,"sjc_JTAG_ACT(SJC,sjc_jtag_act)",,,,,,,
E4,117,X_CSI_D2,CSI_DATA00,"csi_DATA2(CSI,csi_data,2)","gpio4_IO21(GPIO4,gpio_io,21)","uart5_TX(UART5,uart_tx)/uart5_TX(UART5,uart_rx)","eim_AD0(EIM,eim_ad,0)","usdhc2_DATA0(uSDHC2,usdhc_data,0)","csi_DATA2(CSI,csi_data,2)",,"ecspi2_SCLK(ECSPI2,ecspi_sclk)",,,"src_INT_BOOT(SRC,src_int_boot)",,,,,,"sim1_PORT1_RST_B(SIM1,sim_port1_rst_b)",,,,,,,,,,,,,,,,
E3,118,X_CSI_D3,CSI_DATA01,"csi_DATA3(CSI,csi_data,3)","gpio4_IO22(GPIO4,gpio_io,22)","uart5_RX(UART5,uart_rx)/uart5_RX(UART5,uart_tx)","eim_AD1(EIM,eim_ad,1)","usdhc2_DATA1(uSDHC2,usdhc_data,1)","csi_DATA3(CSI,csi_data,3)",,"ecspi2_SS0(ECSPI2,ecspi_ss,0)",,"sai1_MCLK(SAI1,sai_mclk)",,,,,,,"sim1_PORT1_SVEN(SIM1,sim_port1_sven)",,,,,,,,,,,,,,,,
E2,119,X_CSI_D4,CSI_DATA02,"csi_DATA4(CSI,csi_data,4)","gpio4_IO23(GPIO4,gpio_io,23)","uart5_RTS_B(UART5,uart_rts_b)/uart5_RTS_B(UART5,uart_cts_b)","eim_AD2(EIM,eim_ad,2)","usdhc2_DATA2(uSDHC2,usdhc_data,2)","csi_DATA4(CSI,csi_data,4)",,"ecspi2_MOSI(ECSPI2,ecspi_mosi)",,"sai1_RX_SYNC(SAI1,sai_rx_sync)",,,,,,,"sim1_PORT1_TRXD(SIM1,sim_port1_trxd)",,,,,,,,,,,,,,,,
E1,120,X_CSI_D5,CSI_DATA03,"csi_DATA5(CSI,csi_data,5)","gpio4_IO24(GPIO4,gpio_io,24)","uart5_CTS_B(UART5,uart_cts_b)/uart5_CTS_B(UART5,uart_rts_b)","eim_AD3(EIM,eim_ad,3)","usdhc2_DATA3(uSDHC2,usdhc_data,3)","csi_DATA5(CSI,csi_data,5)",,"ecspi2_MISO(ECSPI2,ecspi_miso)",,"sai1_RX_BCLK(SAI1,sai_rx_bclk)",,,,,,,"sim2_PORT1_PD(SIM2,sim_port1_pd)",,,,,,,,,,,,,,,,
D4,121,X_CSI_D6,CSI_DATA04,"csi_DATA6(CSI,csi_data,6)","gpio4_IO25(GPIO4,gpio_io,25)",,"eim_AD4(EIM,eim_ad,4)","usdhc2_DATA4(uSDHC2,usdhc_data,4)/usdhc1_WP(uSDHC1,usdhc_wp)","csi_DATA6(CSI,csi_data,6)",,"ecspi1_SCLK(ECSPI1,ecspi_sclk)",,"sai1_TX_SYNC(SAI1,sai_tx_sync)",,,,,,,"sim2_PORT1_CLK(SIM2,sim_port1_clk)",,,,,,,,,,,,,,,,
D3,122,X_CSI_D7,CSI_DATA05,"csi_DATA7(CSI,csi_data,7)","gpio4_IO26(GPIO4,gpio_io,26)",,"eim_AD5(EIM,eim_ad,5)","usdhc2_DATA5(uSDHC2,usdhc_data,5)/usdhc1_CD_B(uSDHC1,usdhc_cd_b)","csi_DATA7(CSI,csi_data,7)",,"ecspi1_SS0(ECSPI1,ecspi_ss,0)",,"sai1_TX_BCLK(SAI1,sai_tx_bclk)",,,,,,,"sim2_PORT1_RST_B(SIM2,sim_port1_rst_b)",,,,,,,,,,,,,,,,
D2,123,X_CSI_D8,CSI_DATA06,"csi_DATA8(CSI,csi_data,8)","gpio4_IO27(GPIO4,gpio_io,27)",,"eim_AD6(EIM,eim_ad,6)","usdhc2_DATA6(uSDHC2,usdhc_data,6)/usdhc1_RESET_B(uSDHC1,usdhc_reset_b)","csi_DATA8(CSI,csi_data,8)",,"ecspi1_MOSI(ECSPI1,ecspi_mosi)",,"sai1_RX_DATA(SAI1,sai_rx_data)",,,,,,,"sim2_PORT1_SVEN(SIM2,sim_port1_sven)",,,,,,,,,,,,,,,,
D1,124,X_CSI_D9,CSI_DATA07,"csi_DATA9(CSI,csi_data,9)","gpio4_IO28(GPIO4,gpio_io,28)",,"eim_AD7(EIM,eim_ad,7)","usdhc2_DATA7(uSDHC2,usdhc_data,7)/usdhc1_VSELECT(uSDHC1,usdhc_vselect)","csi_DATA9(CSI,csi_data,9)",,"ecspi1_MISO(ECSPI1,ecspi_miso)",,"sai1_TX_DATA(SAI1,sai_tx_data)",,,,,,,"sim2_PORT1_TRXD(SIM2,sim_port1_trxd)",,,,,,,,,,,,,,,,
,125,GND,,,,,,,,,,,,,,,,,,,,,,,,,,,,,,,,,,
,126,GND,,,,,,,,,,,,,,,,,,,,,,,,,,,,,,,,,,
,127,GND,,,,,,,,,,,,,,,,,,,,,,,,,,,,,,,,,,
,128,GND,,,,,,,,,,,,,,,,,,,,,,,,,,,,,,,,,,
,129,GND,,,,,,,,,,,,,,,,,,,,,,,,,,,,,,,,,,
,130,GND,,,,,,,,,,,,,,,,,,,,,,,,,,,,,,,,,,
,131,GND,,,,,,,,,,,,,,,,,,,,,,,,,,,,,,,,,,
,132,GND,,,,,,,,,,,,,,,,,,,,,,,,,,,,,,,,,,
,133,GND,,,,,,,,,,,,,,,,,,,,,,,,,,,,,,,,,,
,134,GND,,,,,,,,,,,,,,,,,,,,,,,,,,,,,,,,,,
,135,GND,,,,,,,,,,,,,,,,,,,,,,,,,,,,,,,,,,
,136,GND,,,,,,,,,,,,,,,,,,,,,,,,,,,,,,,,,,
,137,GND,,,,,,,,,,,,,,,,,,,,,,,,,,,,,,,,,,
,138,GND,,,,,,,,,,,,,,,,,,,,,,,,,,,,,,,,,,
,139,GND,,,,,,,,,,,,,,,,,,,,,,,,,,,,,,,,,,
,140,RTC_XTALI,,,,,,,,,,,,,,,,,,,,,,,,,,,,,,,,,,
,141,RTC_XTALO,,,,,,,,,,,,,,,,,,,,,,,,,,,,,,,,,,
,142,GND,,,,,,,,,,,,,,,,,,,,,,,,,,,,,,,,,,
,143,GND,,,,,,,,,,,,,,,,,,,,,,,,,,,,,,,,,,
,144,GND,,,,,,,,,,,,,,,,,,,,,,,,,,,,,,,,,,
,145,GND,,,,,,,,,,,,,,,,,,,,,,,,,,,,,,,,,,
,146,GND,,,,,,,,,,,,,,,,,,,,,,,,,,,,,,,,,,
,147,GND,,,,,,,,,,,,,,,,,,,,,,,,,,,,,,,,,,
,148,GND,,,,,,,,,,,,,,,,,,,,,,,,,,,,,,,,,,
,149,GND,,,,,,,,,,,,,,,,,,,,,,,,,,,,,,,,,,
,150,GND,,,,,,,,,,,,,,,,,,,,,,,,,,,,,,,,,,
,151,GND,,,,,,,,,,,,,,,,,,,,,,,,,,,,,,,,,,
,152,GND,,,,,,,,,,,,,,,,,,,,,,,,,,,,,,,,,,
,153,GND,,,,,,,,,,,,,,,,,,,,,,,,,,,,,,,,,,
,154,GND,,,,,,,,,,,,,,,,,,,,,,,,,,,,,,,,,,
,155,GND,,,,,,,,,,,,,,,,,,,,,,,,,,,,,,,,,,
,156,GND,,,,,,,,,,,,,,,,,,,,,,,,,,,,,,,,,,
,157,GND,,,,,,,,,,,,,,,,,,,,,,,,,,,,,,,,,,
,158,GND,,,,,,,,,,,,,,,,,,,,,,,,,,,,,,,,,,
,159,GND,,,,,,,,,,,,,,,,,,,,,,,,,,,,,,,,,,
M13,unrouted,,ADC_VREFH,,,,,,,,,,,,,,,,,,,,,,,,,,,,,,,,,
L5,unrouted,,DRAM_ADDR00,"mmdc_ADDR0(MMDC,mmdc_addr,0)",,,,,,"mmdc_ADDR0(MMDC,mmdc_addr,0)",,,,,,,,,,,,,,,,,,,,,,,,,,
H2,unrouted,,DRAM_ADDR01,"mmdc_ADDR1(MMDC,mmdc_addr,1)",,,,,,"mmdc_ADDR1(MMDC,mmdc_addr,1)",,,,,,,,,,,,,,,,,,,,,,,,,,
K1,unrouted,,DRAM_ADDR02,"mmdc_ADDR2(MMDC,mmdc_addr,2)",,,,,,"mmdc_ADDR2(MMDC,mmdc_addr,2)",,,,,,,,,,,,,,,,,,,,,,,,,,
M2,unrouted,,DRAM_ADDR03,"mmdc_ADDR3(MMDC,mmdc_addr,3)",,,,,,"mmdc_ADDR3(MMDC,mmdc_addr,3)",,,,,,,,,,,,,,,,,,,,,,,,,,
K4,unrouted,,DRAM_ADDR04,"mmdc_ADDR4(MMDC,mmdc_addr,4)",,,,,,"mmdc_ADDR4(MMDC,mmdc_addr,4)",,,,,,,,,,,,,,,,,,,,,,,,,,
L1,unrouted,,DRAM_ADDR05,"mmdc_ADDR5(MMDC,mmdc_addr,5)",,,,,,"mmdc_ADDR5(MMDC,mmdc_addr,5)",,,,,,,,,,,,,,,,,,,,,,,,,,
G2,unrouted,,DRAM_ADDR06,"mmdc_ADDR6(MMDC,mmdc_addr,6)",,,,,,"mmdc_ADDR6(MMDC,mmdc_addr,6)",,,,,,,,,,,,,,,,,,,,,,,,,,
H4,unrouted,,DRAM_ADDR07,"mmdc_ADDR7(MMDC,mmdc_addr,7)",,,,,,"mmdc_ADDR7(MMDC,mmdc_addr,7)",,,,,,,,,,,,,,,,,,,,,,,,,,
J4,unrouted,,DRAM_ADDR08,"mmdc_ADDR8(MMDC,mmdc_addr,8)",,,,,,"mmdc_ADDR8(MMDC,mmdc_addr,8)",,,,,,,,,,,,,,,,,,,,,,,,,,
L2,unrouted,,DRAM_ADDR09,"mmdc_ADDR9(MMDC,mmdc_addr,9)",,,,,,"mmdc_ADDR9(MMDC,mmdc_addr,9)",,,,,,,,,,,,,,,,,,,,,,,,,,
M4,unrouted,,DRAM_ADDR10,"mmdc_ADDR10(MMDC,mmdc_addr,10)",,,,,,"mmdc_ADDR10(MMDC,mmdc_addr,10)",,,,,,,,,,,,,,,,,,,,,,,,,,
K3,unrouted,,DRAM_ADDR11,"mmdc_ADDR11(MMDC,mmdc_addr,11)",,,,,,"mmdc_ADDR11(MMDC,mmdc_addr,11)",,,,,,,,,,,,,,,,,,,,,,,,,,
L4,unrouted,,DRAM_ADDR12,"mmdc_ADDR12(MMDC,mmdc_addr,12)",,,,,,"mmdc_ADDR12(MMDC,mmdc_addr,12)",,,,,,,,,,,,,,,,,,,,,,,,,,
H3,unrouted,,DRAM_ADDR13,"mmdc_ADDR13(MMDC,mmdc_addr,13)",,,,,,"mmdc_ADDR13(MMDC,mmdc_addr,13)",,,,,,,,,,,,,,,,,,,,,,,,,,
G1,unrouted,,DRAM_ADDR14,"mmdc_ADDR14(MMDC,mmdc_addr,14)",,,,,,"mmdc_ADDR14(MMDC,mmdc_addr,14)",,,,,,,,,,,,,,,,,,,,,,,,,,
K5,unrouted,,DRAM_ADDR15,"mmdc_ADDR15(MMDC,mmdc_addr,15)",,,,,,"mmdc_ADDR15(MMDC,mmdc_addr,15)",,,,,,,,,,,,,,,,,,,,,,,,,,
J2,unrouted,,DRAM_CAS_B,"mmdc_CAS_B(MMDC,mmdc_cas_b)",,,,,,"mmdc_CAS_B(MMDC,mmdc_cas_b)",,,,,,,,,,,,,,,,,,,,,,,,,,
N2,unrouted,,DRAM_CS0_B,"mmdc_CS0_B(MMDC,mmdc_cs_b,0)",,,,,,"mmdc_CS0_B(MMDC,mmdc_cs_b,0)",,,,,,,,,,,,,,,,,,,,,,,,,,
H5,unrouted,,DRAM_CS1_B,"mmdc_CS1_B(MMDC,mmdc_cs_b,1)",,,,,,"mmdc_CS1_B(MMDC,mmdc_cs_b,1)",,,,,,,,,,,,,,,,,,,,,,,,,,
T4,unrouted,,DRAM_DATA00,"mmdc_DATA0(MMDC,mmdc_data,0)",,,,,,"mmdc_DATA0(MMDC,mmdc_data,0)",,,,,,,,,,,,,,,,,,,,,,,,,,
U6,unrouted,,DRAM_DATA01,"mmdc_DATA1(MMDC,mmdc_data,1)",,,,,,"mmdc_DATA1(MMDC,mmdc_data,1)",,,,,,,,,,,,,,,,,,,,,,,,,,
T6,unrouted,,DRAM_DATA02,"mmdc_DATA2(MMDC,mmdc_data,2)",,,,,,"mmdc_DATA2(MMDC,mmdc_data,2)",,,,,,,,,,,,,,,,,,,,,,,,,,
U7,unrouted,,DRAM_DATA03,"mmdc_DATA3(MMDC,mmdc_data,3)",,,,,,"mmdc_DATA3(MMDC,mmdc_data,3)",,,,,,,,,,,,,,,,,,,,,,,,,,
U8,unrouted,,DRAM_DATA04,"mmdc_DATA4(MMDC,mmdc_data,4)",,,,,,"mmdc_DATA4(MMDC,mmdc_data,4)",,,,,,,,,,,,,,,,,,,,,,,,,,
T8,unrouted,,DRAM_DATA05,"mmdc_DATA5(MMDC,mmdc_data,5)",,,,,,"mmdc_DATA5(MMDC,mmdc_data,5)",,,,,,,,,,,,,,,,,,,,,,,,,,
T5,unrouted,,DRAM_DATA06,"mmdc_DATA6(MMDC,mmdc_data,6)",,,,,,"mmdc_DATA6(MMDC,mmdc_data,6)",,,,,,,,,,,,,,,,,,,,,,,,,,
U4,unrouted,,DRAM_DATA07,"mmdc_DATA7(MMDC,mmdc_data,7)",,,,,,"mmdc_DATA7(MMDC,mmdc_data,7)",,,,,,,,,,,,,,,,,,,,,,,,,,
U2,unrouted,,DRAM_DATA08,"mmdc_DATA8(MMDC,mmdc_data,8)",,,,,,"mmdc_DATA8(MMDC,mmdc_data,8)",,,,,,,,,,,,,,,,,,,,,,,,,,
U3,unrouted,,DRAM_DATA09,"mmdc_DATA9(MMDC,mmdc_data,9)",,,,,,"mmdc_DATA9(MMDC,mmdc_data,9)",,,,,,,,,,,,,,,,,,,,,,,,,,
U5,unrouted,,DRAM_DATA10,"mmdc_DATA10(MMDC,mmdc_data,10)",,,,,,"mmdc_DATA10(MMDC,mmdc_data,10)",,,,,,,,,,,,,,,,,,,,,,,,,,
R4,unrouted,,DRAM_DATA11,"mmdc_DATA11(MMDC,mmdc_data,11)",,,,,,"mmdc_DATA11(MMDC,mmdc_data,11)",,,,,,,,,,,,,,,,,,,,,,,,,,
P5,unrouted,,DRAM_DATA12,"mmdc_DATA12(MMDC,mmdc_data,12)",,,,,,"mmdc_DATA12(MMDC,mmdc_data,12)",,,,,,,,,,,,,,,,,,,,,,,,,,
P3,unrouted,,DRAM_DATA13,"mmdc_DATA13(MMDC,mmdc_data,13)",,,,,,"mmdc_DATA13(MMDC,mmdc_data,13)",,,,,,,,,,,,,,,,,,,,,,,,,,
R2,unrouted,,DRAM_DATA14,"mmdc_DATA14(MMDC,mmdc_data,14)",,,,,,"mmdc_DATA14(MMDC,mmdc_data,14)",,,,,,,,,,,,,,,,,,,,,,,,,,
R1,unrouted,,DRAM_DATA15,"mmdc_DATA15(MMDC,mmdc_data,15)",,,,,,"mmdc_DATA15(MMDC,mmdc_data,15)",,,,,,,,,,,,,,,,,,,,,,,,,,
T7,unrouted,,DRAM_DQM0,"mmdc_DQM0(MMDC,mmdc_dqm,0)",,,,,,"mmdc_DQM0(MMDC,mmdc_dqm,0)",,,,,,,,,,,,,,,,,,,,,,,,,,
T3,unrouted,,DRAM_DQM1,"mmdc_DQM1(MMDC,mmdc_dqm,1)",,,,,,"mmdc_DQM1(MMDC,mmdc_dqm,1)",,,,,,,,,,,,,,,,,,,,,,,,,,
N1,unrouted,,DRAM_ODT0,"mmdc_ODT0(MMDC,mmdc_odt,0)",,,,,,"mmdc_ODT0(MMDC,mmdc_odt,0)",,,,,,,,,,,,,,,,,,,,,,,,,,
F1,unrouted,,DRAM_ODT1,"mmdc_ODT1(MMDC,mmdc_odt,1)",,,,,,"mmdc_ODT1(MMDC,mmdc_odt,1)",,,,,,,,,,,,,,,,,,,,,,,,,,
M5,unrouted,,DRAM_RAS_B,"mmdc_RAS_B(MMDC,mmdc_ras_b)",,,,,,"mmdc_RAS_B(MMDC,mmdc_ras_b)",,,,,,,,,,,,,,,,,,,,,,,,,,
G4,unrouted,,DRAM_RESET,"mmdc_RESET(MMDC,mmdc_reset)",,,,,,"mmdc_RESET(MMDC,mmdc_reset)",,,,,,,,,,,,,,,,,,,,,,,,,,
M1,unrouted,,DRAM_SDBA0,"mmdc_SDBA0(MMDC,mmdc_sdba,0)",,,,,,"mmdc_SDBA0(MMDC,mmdc_sdba,0)",,,,,,,,,,,,,,,,,,,,,,,,,,
H1,unrouted,,DRAM_SDBA1,"mmdc_SDBA1(MMDC,mmdc_sdba,1)",,,,,,"mmdc_SDBA1(MMDC,mmdc_sdba,1)",,,,,,,,,,,,,,,,,,,,,,,,,,
K2,unrouted,,DRAM_SDBA2,"mmdc_SDBA2(MMDC,mmdc_sdba,2)",,,,,,"mmdc_SDBA2(MMDC,mmdc_sdba,2)",,,,,,,,,,,,,,,,,,,,,,,,,,
M3,unrouted,,DRAM_SDCKE0,"mmdc_SDCKE0(MMDC,mmdc_sdcke,0)",,,,,,"mmdc_SDCKE0(MMDC,mmdc_sdcke,0)",,,,,,,,,,,,,,,,,,,,,,,,,,
J3,unrouted,,DRAM_SDCKE1,"mmdc_SDCKE1(MMDC,mmdc_sdcke,1)",,,,,,"mmdc_SDCKE1(MMDC,mmdc_sdcke,1)",,,,,,,,,,,,,,,,,,,,,,,,,,
P2,unrouted,,DRAM_SDCLK0_N,"mmdc_SDCLK0_N(MMDC,mmdc_sdclk0_n)",,,,,,"mmdc_SDCLK0_N(MMDC,mmdc_sdclk0_n)",,,,,,,,,,,,,,,,,,,,,,,,,,
P1,unrouted,,DRAM_SDCLK0_P,"mmdc_SDCLK0_P(MMDC,mmdc_sdclk0_p)",,,,,,"mmdc_SDCLK0_P(MMDC,mmdc_sdclk0_p)",,,,,,,,,,,,,,,,,,,,,,,,,,
P7,unrouted,,DRAM_SDQS0_N,"mmdc_SDQS0_N(MMDC,mmdc_sdqs_n,0)",,,,,,"mmdc_SDQS0_N(MMDC,mmdc_sdqs_n,0)",,,,,,,,,,,,,,,,,,,,,,,,,,
P6,unrouted,,DRAM_SDQS0_P,"mmdc_SDQS0_P(MMDC,mmdc_sdqs_p,0)",,,,,,"mmdc_SDQS0_P(MMDC,mmdc_sdqs_p,0)",,,,,,,,,,,,,,,,,,,,,,,,,,
T2,unrouted,,DRAM_SDQS1_N,"mmdc_SDQS1_N(MMDC,mmdc_sdqs_n,1)",,,,,,"mmdc_SDQS1_N(MMDC,mmdc_sdqs_n,1)",,,,,,,,,,,,,,,,,,,,,,,,,,
T1,unrouted,,DRAM_SDQS1_P,"mmdc_SDQS1_P(MMDC,mmdc_sdqs_p,1)",,,,,,"mmdc_SDQS1_P(MMDC,mmdc_sdqs_p,1)",,,,,,,,,,,,,,,,,,,,,,,,,,
J1,unrouted,,DRAM_SDWE_B,"mmdc_SDWE_B(MMDC,mmdc_sdwe_b)",,,,,,"mmdc_SDWE_B(MMDC,mmdc_sdwe_b)",,,,,,,,,,,,,,,,,,,,,,,,,,
P4,unrouted,,DRAM_VREF,,,,,,,,,,,,,,,,,,,,,,,,,,,,,,,,,
N4,unrouted,,DRAM_ZQPAD,,,,,,,,,,,,,,,,,,,,,,,,,,,,,,,,,
F16,unrouted,,ENET1_RX_DATA0,"enet1_RDATA0(ENET1,enet_rdata,0)","gpio2_IO0(GPIO2,gpio_io,0)","uart4_RTS_B(UART4,uart_rts_b)/uart4_RTS_B(UART4,uart_cts_b)",,"usdhc1_LCTL(uSDHC1,usdhc_lctl)","csi_DATA16(CSI,csi_data,16)",,,"enet1_RDATA0(ENET1,enet_rdata,0)",,,,,,"pwm1_OUT(PWM1,pwm_out)","kpp_ROW0(KPP,kpp_row,0)",,,,"can1_TX(FLEXCAN1,can_tx)",,,,,,,,,,,,,
E17,unrouted,,ENET1_RX_DATA1,"enet1_RDATA1(ENET1,enet_rdata,1)","gpio2_IO1(GPIO2,gpio_io,1)","uart4_CTS_B(UART4,uart_cts_b)/uart4_CTS_B(UART4,uart_rts_b)",,"usdhc2_LCTL(uSDHC2,usdhc_lctl)","csi_DATA17(CSI,csi_data,17)",,,"enet1_RDATA1(ENET1,enet_rdata,1)",,,,,,"pwm2_OUT(PWM2,pwm_out)","kpp_COL0(KPP,kpp_col,0)",,,,"can1_RX(FLEXCAN1,can_rx)",,,,,,,,,,,,,
E16,unrouted,,ENET1_RX_EN,"enet1_RX_EN(ENET1,enet_rx_en)","gpio2_IO2(GPIO2,gpio_io,2)","uart5_RTS_B(UART5,uart_rts_b)/uart5_RTS_B(UART5,uart_cts_b)",,"usdhc1_VSELECT(uSDHC1,usdhc_vselect)","csi_DATA18(CSI,csi_data,18)",,,"enet1_RX_EN(ENET1,enet_rx_en)",,,,,,,"kpp_ROW1(KPP,kpp_row,1)",,,,"can2_TX(FLEXCAN2,can_tx)",,,,,,,,,,,,,
D15,unrouted,,ENET1_RX_ER,"enet1_RX_ER(ENET1,enet_rx_er)","gpio2_IO7(GPIO2,gpio_io,7)","uart7_RTS_B(UART7,uart_rts_b)/uart7_RTS_B(UART7,uart_cts_b)","eim_CRE(EIM,eim_cre)",,"csi_DATA23(CSI,csi_data,23)",,,"enet1_RX_ER(ENET1,enet_rx_er)",,,,"gpt1_CAPTURE2(GPT1,gpt_capture,2)",,"pwm8_OUT(PWM8,pwm_out)","kpp_COL3(KPP,kpp_col,3)",,,,,,,,,,,,,,,,,
F14,unrouted,,ENET1_TX_CLK,"enet1_TX_CLK(ENET1,enet_tx_clk)","gpio2_IO6(GPIO2,gpio_io,6)","uart7_CTS_B(UART7,uart_cts_b)/uart7_CTS_B(UART7,uart_rts_b)",,,"csi_DATA22(CSI,csi_data,22)",,,"enet1_TX_CLK(ENET1,enet_tx_clk)/enet1_REF_CLK1(ENET1,enet_ref_clk,1)",,,,"gpt1_CLK(GPT1,gpt_clk)",,"pwm7_OUT(PWM7,pwm_out)","kpp_ROW3(KPP,kpp_row,3)",,,,,,,,,,,,,,,,,
E15,unrouted,,ENET1_TX_DATA0,"enet1_TDATA0(ENET1,enet_tdata,0)","gpio2_IO3(GPIO2,gpio_io,3)","uart5_CTS_B(UART5,uart_cts_b)/uart5_CTS_B(UART5,uart_rts_b)",,"usdhc2_VSELECT(uSDHC2,usdhc_vselect)","csi_DATA19(CSI,csi_data,19)",,,"enet1_TDATA0(ENET1,enet_tdata,0)",,,,,,,"kpp_COL1(KPP,kpp_col,1)",,,,"can2_RX(FLEXCAN2,can_rx)",,,,,,,,,,,,,
E14,unrouted,,ENET1_TX_DATA1,"enet1_TDATA1(ENET1,enet_tdata,1)","gpio2_IO4(GPIO2,gpio_io,4)","uart6_CTS_B(UART6,uart_cts_b)/uart6_CTS_B(UART6,uart_rts_b)",,,"csi_DATA20(CSI,csi_data,20)",,,"enet1_TDATA1(ENET1,enet_tdata,1)/enet2_MDIO(ENET2,enet_mdio)",,,,,,"pwm5_OUT(PWM5,pwm_out)","kpp_ROW2(KPP,kpp_row,2)",,,,,,"wdog1_WDOG_RST_B_DEB(WDOG1,wdog_rst_b_deb)",,,,,,,,,,,
F15,unrouted,,ENET1_TX_EN,"enet1_TX_EN(ENET1,enet_tx_en)","gpio2_IO5(GPIO2,gpio_io,5)","uart6_RTS_B(UART6,uart_rts_b)/uart6_RTS_B(UART6,uart_cts_b)",,,"csi_DATA21(CSI,csi_data,21)",,,"enet1_TX_EN(ENET1,enet_tx_en)/enet2_MDC(ENET2,enet_mdc)",,,,,,"pwm6_OUT(PWM6,pwm_out)","kpp_COL2(KPP,kpp_col,2)",,,,,,"wdog2_WDOG_RST_B_DEB(WDOG2,wdog_rst_b_deb)",,,,,,,,,,,
R13,unrouted,,GPANAIO,,,,,,,,,,,,,,,,,,,,,,,,,,,,,,,,,
L14,unrouted,,GPIO1_IO02,"gpio1_IO2(GPIO1,gpio_io,2)","gpio1_IO2(GPIO1,gpio_io,2)","uart1_TX(UART1,uart_tx)/uart1_TX(UART1,uart_rx)",,"usdhc1_WP(uSDHC1,usdhc_wp)",,,,"enet1_REF_CLK_25M(ENET1,enet_ref_clk_25m)",,"src_ANY_PU_RESET(SRC,src_any_pu_reset)",,"gpt1_COMPARE2(GPT1,gpt_compare,2)","i2c1_SCL(I2C1,i2c_scl)",,,,,"usb_OTG2_PWR(USB2,usb_otg2_pwr)",,,,,,"adc1_IN2(ADC1,adc_in2)",,"adc2_IN2(ADC2,adc_in2)",,,"sdma_EXT_EVENT0(SDMA,sdma_ext_event,0)",,,
B4,unrouted,,NAND_ALE,"rawnand_ALE(RAWNAND,rawnand_ale)","gpio4_IO10(GPIO4,gpio_io,10)",,"eim_ADDR17(EIM,eim_addr,17)","usdhc2_RESET_B(uSDHC2,usdhc_reset_b)",,,"ecspi3_SS1(ECSPI3,ecspi_ss,1)",,,,,,,"pwm3_OUT(PWM3,pwm_out)",,,"rawnand_ALE(RAWNAND,rawnand_ale)",,,"qspi_A_DQS(QSPI,qspi_a_dqs)",,,,,,,,,,,,
C5,unrouted,,NAND_CE0_B,"rawnand_CE0_B(RAWNAND,rawnand_ce0_b)","gpio4_IO13(GPIO4,gpio_io,13)","uart3_RX(UART3,uart_rx)/uart3_RX(UART3,uart_tx)","eim_DTACK_B(EIM,eim_dtack_b)","usdhc1_DATA5(uSDHC1,usdhc_data,5)",,,"ecspi3_SCLK(ECSPI3,ecspi_sclk)",,,,,,,,,,"rawnand_CE0_B(RAWNAND,rawnand_ce0_b)",,,"qspi_A_DATA1(QSPI,qspi_a_data,1)",,,,,,,,,,,,
B5,unrouted,,NAND_CE1_B,"gpio4_IO14(GPIO4,gpio_io,14)","gpio4_IO14(GPIO4,gpio_io,14)","uart3_CTS_B(UART3,uart_cts_b)/uart3_CTS_B(UART3,uart_rts_b)","eim_ADDR18(EIM,eim_addr,18)","usdhc1_DATA6(uSDHC1,usdhc_data,6)",,,"ecspi3_MOSI(ECSPI3,ecspi_mosi)",,,,,,,,,,"rawnand_CE1_B(RAWNAND,rawnand_ce1_b)",,,"qspi_A_DATA2(QSPI,qspi_a_data,2)",,,,,,,,,,,,
A4,unrouted,,NAND_CLE,"rawnand_CLE(RAWNAND,rawnand_cle)","gpio4_IO15(GPIO4,gpio_io,15)","uart3_RTS_B(UART3,uart_rts_b)/uart3_RTS_B(UART3,uart_cts_b)","eim_ADDR16(EIM,eim_addr,16)","usdhc1_DATA7(uSDHC1,usdhc_data,7)",,,"ecspi3_MISO(ECSPI3,ecspi_miso)",,,,,,,,,,"rawnand_CLE(RAWNAND,rawnand_cle)",,,"qspi_A_DATA3(QSPI,qspi_a_data,3)",,,,,,,,,,,,
D7,unrouted,,NAND_DATA00,"rawnand_DATA00(RAWNAND,rawnand_data,00)","gpio4_IO2(GPIO4,gpio_io,2)",,"eim_AD8(EIM,eim_ad,8)","usdhc2_DATA0(uSDHC2,usdhc_data,0)",,,"ecspi4_RDY(ECSPI4,ecspi_rdy)",,,,,,,,"kpp_ROW1(KPP,kpp_row,1)",,"rawnand_DATA00(RAWNAND,rawnand_data,00)",,,"qspi_B_SS1_B(QSPI,qspi_b_ss1_b)",,,,,,,,,,,,
B7,unrouted,,NAND_DATA01,"rawnand_DATA01(RAWNAND,rawnand_data,01)","gpio4_IO3(GPIO4,gpio_io,3)",,"eim_AD9(EIM,eim_ad,9)","usdhc2_DATA1(uSDHC2,usdhc_data,1)",,,"ecspi4_SS1(ECSPI4,ecspi_ss,1)",,,,,,,,"kpp_COL1(KPP,kpp_col,1)",,"rawnand_DATA01(RAWNAND,rawnand_data,01)",,,"qspi_B_DQS(QSPI,qspi_b_dqs)",,,,,,,,,,,,
A7,unrouted,,NAND_DATA02,"rawnand_DATA02(RAWNAND,rawnand_data,02)","gpio4_IO4(GPIO4,gpio_io,4)",,"eim_AD10(EIM,eim_ad,10)","usdhc2_DATA2(uSDHC2,usdhc_data,2)",,,"ecspi4_SS2(ECSPI4,ecspi_ss,2)",,,,,,,,"kpp_ROW2(KPP,kpp_row,2)",,"rawnand_DATA02(RAWNAND,rawnand_data,02)",,,"qspi_B_DATA0(QSPI,qspi_b_data,0)",,,,,,,,,,,,
D6,unrouted,,NAND_DATA03,"rawnand_DATA03(RAWNAND,rawnand_data,03)","gpio4_IO5(GPIO4,gpio_io,5)",,"eim_AD11(EIM,eim_ad,11)","usdhc2_DATA3(uSDHC2,usdhc_data,3)",,,"ecspi4_SS3(ECSPI4,ecspi_ss,3)",,,,,,,,"kpp_COL2(KPP,kpp_col,2)",,"rawnand_DATA03(RAWNAND,rawnand_data,03)",,,"qspi_B_DATA1(QSPI,qspi_b_data,1)",,,,,,,,,,,,
C6,unrouted,,NAND_DATA04,"rawnand_DATA04(RAWNAND,rawnand_data,04)","gpio4_IO6(GPIO4,gpio_io,6)","uart2_TX(UART2,uart_tx)/uart2_TX(UART2,uart_rx)","eim_AD12(EIM,eim_ad,12)","usdhc2_DATA4(uSDHC2,usdhc_data,4)",,,"ecspi4_SCLK(ECSPI4,ecspi_sclk)",,,,,,,,,,"rawnand_DATA04(RAWNAND,rawnand_data,04)",,,"qspi_B_DATA2(QSPI,qspi_b_data,2)",,,,,,,,,,,,
B6,unrouted,,NAND_DATA05,"rawnand_DATA05(RAWNAND,rawnand_data,05)","gpio4_IO7(GPIO4,gpio_io,7)","uart2_RX(UART2,uart_rx)/uart2_RX(UART2,uart_tx)","eim_AD13(EIM,eim_ad,13)","usdhc2_DATA5(uSDHC2,usdhc_data,5)",,,"ecspi4_MOSI(ECSPI4,ecspi_mosi)",,,,,,,,,,"rawnand_DATA05(RAWNAND,rawnand_data,05)",,,"qspi_B_DATA3(QSPI,qspi_b_data,3)",,,,,,,,,,,,
A6,unrouted,,NAND_DATA06,"rawnand_DATA06(RAWNAND,rawnand_data,06)","gpio4_IO8(GPIO4,gpio_io,8)","uart2_CTS_B(UART2,uart_cts_b)/uart2_CTS_B(UART2,uart_rts_b)","eim_AD14(EIM,eim_ad,14)","usdhc2_DATA6(uSDHC2,usdhc_data,6)",,,"ecspi4_MISO(ECSPI4,ecspi_miso)",,"sai2_RX_BCLK(SAI2,sai_rx_bclk)",,,,,,,,"rawnand_DATA06(RAWNAND,rawnand_data,06)",,,,,,,,,,,,,,,
A5,unrouted,,NAND_DATA07,"rawnand_DATA07(RAWNAND,rawnand_data,07)","gpio4_IO9(GPIO4,gpio_io,9)","uart2_RTS_B(UART2,uart_rts_b)/uart2_RTS_B(UART2,uart_cts_b)","eim_AD15(EIM,eim_ad,15)","usdhc2_DATA7(uSDHC2,usdhc_data,7)",,,"ecspi4_SS0(ECSPI4,ecspi_ss,0)",,,,,,,,,,"rawnand_DATA07(RAWNAND,rawnand_data,07)",,,"qspi_A_SS1_B(QSPI,qspi_a_ss1_b)",,,,,,,,,,,,
D8,unrouted,,NAND_RE_B,"rawnand_RE_B(RAWNAND,rawnand_re_b)","gpio4_IO0(GPIO4,gpio_io,0)",,"eim_EB_B0(EIM,eim_eb_b,0)","usdhc2_CLK(uSDHC2,usdhc_clk)",,,"ecspi3_SS2(ECSPI3,ecspi_ss,2)",,,,,,,,"kpp_ROW0(KPP,kpp_row,0)",,"rawnand_RE_B(RAWNAND,rawnand_re_b)",,,"qspi_B_SCLK(QSPI,qspi_b_sclk)",,,,,,,,,,,,
A3,unrouted,,NAND_READY_B,"rawnand_READY_B(RAWNAND,rawnand_ready_b)","gpio4_IO12(GPIO4,gpio_io,12)","uart3_TX(UART3,uart_tx)/uart3_TX(UART3,uart_rx)","eim_CS1_B(EIM,eim_cs_b,1)","usdhc1_DATA4(uSDHC1,usdhc_data,4)",,,"ecspi3_SS0(ECSPI3,ecspi_ss,0)",,,,,,,,,,"rawnand_READY_B(RAWNAND,rawnand_ready_b)",,,"qspi_A_DATA0(QSPI,qspi_a_data,0)",,,,,,,,,,,,
C8,unrouted,,NAND_WE_B,"rawnand_WE_B(RAWNAND,rawnand_we_b)","gpio4_IO1(GPIO4,gpio_io,1)",,"eim_EB_B1(EIM,eim_eb_b,1)","usdhc2_CMD(uSDHC2,usdhc_cmd)",,,"ecspi3_SS3(ECSPI3,ecspi_ss,3)",,,,,,,,"kpp_COL0(KPP,kpp_col,0)",,"rawnand_WE_B(RAWNAND,rawnand_we_b)",,,"qspi_B_SS0_B(QSPI,qspi_b_ss0_b)",,,,,,,,,,,,
D5,unrouted,,NAND_WP_B,"rawnand_WP_B(RAWNAND,rawnand_wp_b)","gpio4_IO11(GPIO4,gpio_io,11)",,"eim_BCLK(EIM,eim_bclk)","usdhc1_RESET_B(uSDHC1,usdhc_reset_b)",,,"ecspi3_RDY(ECSPI3,ecspi_rdy)",,,,,,,"pwm4_OUT(PWM4,pwm_out)",,,"rawnand_WP_B(RAWNAND,rawnand_wp_b)",,,"qspi_A_SCLK(QSPI,qspi_a_sclk)",,,,,,,,,,,,
M12,unrouted,,NGND_KEL0,,,,,,,,,,,,,,,,,,,,,,,,,,,,,,,,,
F4,unrouted,,NVCC_CSI,,,,,,,,,,,,,,,,,,,,,,,,,,,,,,,,,
N6,unrouted,,NVCC_DRAM_2P5,,,,,,,,,,,,,,,,,,,,,,,,,,,,,,,,,
G6,unrouted,,NVCC_DRAM0,,,,,,,,,,,,,,,,,,,,,,,,,,,,,,,,,
H6,unrouted,,NVCC_DRAM1,,,,,,,,,,,,,,,,,,,,,,,,,,,,,,,,,
J6,unrouted,,NVCC_DRAM2,,,,,,,,,,,,,,,,,,,,,,,,,,,,,,,,,
K6,unrouted,,NVCC_DRAM3,,,,,,,,,,,,,,,,,,,,,,,,,,,,,,,,,
L6,unrouted,,NVCC_DRAM4,,,,,,,,,,,,,,,,,,,,,,,,,,,,,,,,,
M6,unrouted,,NVCC_DRAM5,,,,,,,,,,,,,,,,,,,,,,,,,,,,,,,,,
F13,unrouted,,NVCC_ENET,,,,,,,,,,,,,,,,,,,,,,,,,,,,,,,,,
J13,unrouted,,NVCC_GPIO,,,,,,,,,,,,,,,,,,,,,,,,,,,,,,,,,
E13,unrouted,,NVCC_LCD,,,,,,,,,,,,,,,,,,,,,,,,,,,,,,,,,
E7,unrouted,,NVCC_NAND,,,,,,,,,,,,,,,,,,,,,,,,,,,,,,,,,
P13,unrouted,,NVCC_PLL,,,,,,,,,,,,,,,,,,,,,,,,,,,,,,,,,
C4,unrouted,,NVCC_SD1,,,,,,,,,,,,,,,,,,,,,,,,,,,,,,,,,
H13,unrouted,,NVCC_UART,,,,,,,,,,,,,,,,,,,,,,,,,,,,,,,,,
T11,unrouted,,RTC_XTALI,,,,,,,,,,,,,,,,,,,,,,,,,,,,,,,,,
U11,unrouted,,RTC_XTALO,,,,,,,,,,,,,,,,,,,,,,,,,,,,,,,,,
P9,unrouted,,SNVS_TAMPER4,"gpio5_IO4(GPIO5,gpio_io,4)","gpio5_IO4(GPIO5,gpio_io,4)",,,,,,,,,,,,,,,,,,,,,,"snvs_TAMPER4(SNVS,snvs_tamper,4)",,,,,,,,,
N11,unrouted,,SNVS_TAMPER6,"gpio5_IO6(GPIO5,gpio_io,6)","gpio5_IO6(GPIO5,gpio_io,6)",,,,,,,,,,,,,,,,,,,,,,"snvs_TAMPER6(SNVS,snvs_tamper,6)",,,,,,,,,
N10,unrouted,,SNVS_TAMPER7,"gpio5_IO7(GPIO5,gpio_io,7)","gpio5_IO7(GPIO5,gpio_io,7)",,,,,,,,,,,,,,,,,,,,,,"snvs_TAMPER7(SNVS,snvs_tamper,7)",,,,,,,,,
N9,unrouted,,SNVS_TAMPER8,"gpio5_IO8(GPIO5,gpio_io,8)","gpio5_IO8(GPIO5,gpio_io,8)",,,,,,,,,,,,,,,,,,,,,,"snvs_TAMPER8(SNVS,snvs_tamper,8)",,,,,,,,,
N7,unrouted,,TEST_MODE,,,,,,,,,,,,,,,,,,,,,,,,,,,,,,,,,"tcu_TEST_MODE(TCU,tcu_test_mode)"
G9,unrouted,,VDD_ARM_CAP0,,,,,,,,,,,,,,,,,,,,,,,,,,,,,,,,,
G10,unrouted,,VDD_ARM_CAP1,,,,,,,,,,,,,,,,,,,,,,,,,,,,,,,,,
G11,unrouted,,VDD_ARM_CAP2,,,,,,,,,,,,,,,,,,,,,,,,,,,,,,,,,
H11,unrouted,,VDD_ARM_CAP3,,,,,,,,,,,,,,,,,,,,,,,,,,,,,,,,,
R14,unrouted,,VDD_HIGH_CAP0,,,,,,,,,,,,,,,,,,,,,,,,,,,,,,,,,
R15,unrouted,,VDD_HIGH_CAP1,,,,,,,,,,,,,,,,,,,,,,,,,,,,,,,,,
N13,unrouted,,VDD_HIGH_IN,,,,,,,,,,,,,,,,,,,,,,,,,,,,,,,,,
N12,unrouted,,VDD_SNVS_CAP,,,,,,,,,,,,,,,,,,,,,,,,,,,,,,,,,
P12,unrouted,,VDD_SNVS_IN,,,,,,,,,,,,,,,,,,,,,,,,,,,,,,,,,
G8,unrouted,,VDD_SOC_CAP0,,,,,,,,,,,,,,,,,,,,,,,,,,,,,,,,,
H8,unrouted,,VDD_SOC_CAP1,,,,,,,,,,,,,,,,,,,,,,,,,,,,,,,,,
J8,unrouted,,VDD_SOC_CAP2,,,,,,,,,,,,,,,,,,,,,,,,,,,,,,,,,
K8,unrouted,,VDD_SOC_CAP3,,,,,,,,,,,,,,,,,,,,,,,,,,,,,,,,,
L8,unrouted,,VDD_SOC_CAP4,,,,,,,,,,,,,,,,,,,,,,,,,,,,,,,,,
L9,unrouted,,VDD_SOC_CAP5,,,,,,,,,,,,,,,,,,,,,,,,,,,,,,,,,
L10,unrouted,,VDD_SOC_CAP6,,,,,,,,,,,,,,,,,,,,,,,,,,,,,,,,,
J11,unrouted,,VDD_SOC_CAP7,,,,,,,,,,,,,,,,,,,,,,,,,,,,,,,,,
K11,unrouted,,VDD_SOC_CAP8,,,,,,,,,,,,,,,,,,,,,,,,,,,,,,,,,
L11,unrouted,,VDD_SOC_CAP9,,,,,,,,,,,,,,,,,,,,,,,,,,,,,,,,,
H9,unrouted,,VDD_SOC_IN0,,,,,,,,,,,,,,,,,,,,,,,,,,,,,,,,,
J9,unrouted,,VDD_SOC_IN1,,,,,,,,,,,,,,,,,,,,,,,,,,,,,,,,,
K9,unrouted,,VDD_SOC_IN2,,,,,,,,,,,,,,,,,,,,,,,,,,,,,,,,,
H10,unrouted,,VDD_SOC_IN3,,,,,,,,,,,,,,,,,,,,,,,,,,,,,,,,,
J10,unrouted,,VDD_SOC_IN4,,,,,,,,,,,,,,,,,,,,,,,,,,,,,,,,,
K10,unrouted,,VDD_SOC_IN5,,,,,,,,,,,,,,,,,,,,,,,,,,,,,,,,,
R12,unrouted,,VDD_USB_CAP,,,,,,,,,,,,,,,,,,,,,,,,,,,,,,,,,
L13,unrouted,,VDDA_ADC_3P3,,,,,,,,,,,,,,,,,,,,,,,,,,,,,,,,,
A1,unrouted,,VSS0,,,,,,,,,,,,,,,,,,,,,,,,,,,,,,,,,
U1,unrouted,,VSS1,,,,,,,,,,,,,,,,,,,,,,,,,,,,,,,,,
R5,unrouted,,VSS10,,,,,,,,,,,,,,,,,,,,,,,,,,,,,,,,,
F6,unrouted,,VSS11,,,,,,,,,,,,,,,,,,,,,,,,,,,,,,,,,
C7,unrouted,,VSS12,,,,,,,,,,,,,,,,,,,,,,,,,,,,,,,,,
F7,unrouted,,VSS13,,,,,,,,,,,,,,,,,,,,,,,,,,,,,,,,,
G7,unrouted,,VSS14,,,,,,,,,,,,,,,,,,,,,,,,,,,,,,,,,
H7,unrouted,,VSS15,,,,,,,,,,,,,,,,,,,,,,,,,,,,,,,,,
J7,unrouted,,VSS16,,,,,,,,,,,,,,,,,,,,,,,,,,,,,,,,,
K7,unrouted,,VSS17,,,,,,,,,,,,,,,,,,,,,,,,,,,,,,,,,
L7,unrouted,,VSS18,,,,,,,,,,,,,,,,,,,,,,,,,,,,,,,,,
M7,unrouted,,VSS19,,,,,,,,,,,,,,,,,,,,,,,,,,,,,,,,,
C3,unrouted,,VSS2,,,,,,,,,,,,,,,,,,,,,,,,,,,,,,,,,
R7,unrouted,,VSS20,,,,,,,,,,,,,,,,,,,,,,,,,,,,,,,,,
E8,unrouted,,VSS21,,,,,,,,,,,,,,,,,,,,,,,,,,,,,,,,,
F8,unrouted,,VSS22,,,,,,,,,,,,,,,,,,,,,,,,,,,,,,,,,
M8,unrouted,,VSS23,,,,,,,,,,,,,,,,,,,,,,,,,,,,,,,,,
F9,unrouted,,VSS24,,,,,,,,,,,,,,,,,,,,,,,,,,,,,,,,,
M9,unrouted,,VSS25,,,,,,,,,,,,,,,,,,,,,,,,,,,,,,,,,
F10,unrouted,,VSS26,,,,,,,,,,,,,,,,,,,,,,,,,,,,,,,,,
M10,unrouted,,VSS27,,,,,,,,,,,,,,,,,,,,,,,,,,,,,,,,,
C11,unrouted,,VSS28,,,,,,,,,,,,,,,,,,,,,,,,,,,,,,,,,
E11,unrouted,,VSS29,,,,,,,,,,,,,,,,,,,,,,,,,,,,,,,,,
G3,unrouted,,VSS3,,,,,,,,,,,,,,,,,,,,,,,,,,,,,,,,,
F11,unrouted,,VSS30,,,,,,,,,,,,,,,,,,,,,,,,,,,,,,,,,
M11,unrouted,,VSS31,,,,,,,,,,,,,,,,,,,,,,,,,,,,,,,,,
R11,unrouted,,VSS32,,,,,,,,,,,,,,,,,,,,,,,,,,,,,,,,,
F12,unrouted,,VSS33,,,,,,,,,,,,,,,,,,,,,,,,,,,,,,,,,
G12,unrouted,,VSS34,,,,,,,,,,,,,,,,,,,,,,,,,,,,,,,,,
H12,unrouted,,VSS35,,,,,,,,,,,,,,,,,,,,,,,,,,,,,,,,,
J12,unrouted,,VSS36,,,,,,,,,,,,,,,,,,,,,,,,,,,,,,,,,
K12,unrouted,,VSS37,,,,,,,,,,,,,,,,,,,,,,,,,,,,,,,,,
L12,unrouted,,VSS38,,,,,,,,,,,,,,,,,,,,,,,,,,,,,,,,,
T14,unrouted,,VSS39,,,,,,,,,,,,,,,,,,,,,,,,,,,,,,,,,
L3,unrouted,,VSS4,,,,,,,,,,,,,,,,,,,,,,,,,,,,,,,,,
U14,unrouted,,VSS40,,,,,,,,,,,,,,,,,,,,,,,,,,,,,,,,,
C15,unrouted,,VSS41,,,,,,,,,,,,,,,,,,,,,,,,,,,,,,,,,
G15,unrouted,,VSS42,,,,,,,,,,,,,,,,,,,,,,,,,,,,,,,,,
R16,unrouted,,VSS43,,,,,,,,,,,,,,,,,,,,,,,,,,,,,,,,,
A17,unrouted,,VSS44,,,,,,,,,,,,,,,,,,,,,,,,,,,,,,,,,
R17,unrouted,,VSS45,,,,,,,,,,,,,,,,,,,,,,,,,,,,,,,,,
U17,unrouted,,VSS46,,,,,,,,,,,,,,,,,,,,,,,,,,,,,,,,,
N3,unrouted,,VSS5,,,,,,,,,,,,,,,,,,,,,,,,,,,,,,,,,
R3,unrouted,,VSS6,,,,,,,,,,,,,,,,,,,,,,,,,,,,,,,,,
G5,unrouted,,VSS7,,,,,,,,,,,,,,,,,,,,,,,,,,,,,,,,,
J5,unrouted,,VSS8,,,,,,,,,,,,,,,,,,,,,,,,,,,,,,,,,
N5,unrouted,,VSS9,,,,,,,,,,,,,,,,,,,,,,,,,,,,,,,,,
T16,,,XTALI,"XTALI(XTALOSC,xtali)",,,,,,,,,,,,,,,,,,,,,,,,,,,,,,,,"XTALI(XTALOSC,xtali)"
T17,,,XTALO,"XTALO(XTALOSC,xtalo)",,,,,,,,,,,,,,,,,,,,,,,,,,,,,,,,"XTALO(XTALOSC,xtalo)"
